[2026. 5. 18. AM 12:51:02] [INFO] 크롤링 프로그램 시작
[2026. 5. 18. AM 12:51:02] [INFO] 설정: 페이지 1-8
[2026. 5. 18. AM 12:51:02] [INFO] 브라우저 시작 중...
[2026. 5. 18. AM 12:51:02] [ERROR] ✗ 오류 발생: browserType.launch: Executable doesn't exist at C:\Users\B\AppData\Local\ms-playwright\chromium_headless_shell-1223\chrome-headless-shell-win64\chrome-headless-shell.exe
╔════════════════════════════════════════════════════════════╗
║ Looks like Playwright was just installed or updated.       ║
║ Please run the following command to download new browsers: ║
║                                                            ║
║     npx playwright install                                 ║
║                                                            ║
║ <3 Playwright Team                                         ║
╚════════════════════════════════════════════════════════════╝
[2026. 5. 18. AM 12:51:51] [INFO] 크롤링 프로그램 시작
[2026. 5. 18. AM 12:51:51] [INFO] 설정: 페이지 1-8
[2026. 5. 18. AM 12:51:51] [INFO] 브라우저 시작 중...
[2026. 5. 18. AM 12:51:51] [INFO] Supabase 크롤링 API 호출 중...
[2026. 5. 18. AM 12:51:58] [SUCCESS] ✓ 크롤링 성공: 0개 매물 추가됨, 0개 중복 제외
[2026. 5. 18. AM 12:51:58] [SUCCESS]   - 스크래핑: 0개
[2026. 5. 18. AM 12:51:58] [SUCCESS]   - 추가됨: 0개
[2026. 5. 18. AM 12:51:58] [SUCCESS]   - 중복 제외: 0개
[2026. 5. 18. AM 12:51:58] [INFO] 브라우저 종료
[2026. 5. 18. AM 12:51:58] [INFO] 크롤링 프로그램 종료

[2026. 5. 18. AM 12:55:57] [INFO] Playwright 브라우저 시작 중...
[2026. 5. 18. AM 12:55:57] [INFO] 페이지 1 크롤링 중...
[2026. 5. 18. AM 12:56:04] [INFO] 페이지 1: 0개 항목 발견
[2026. 5. 18. AM 12:56:05] [INFO] 페이지 2 크롤링 중...
[2026. 5. 18. AM 12:56:07] [INFO] 페이지 2: 0개 항목 발견
[2026. 5. 18. AM 12:56:08] [INFO] 페이지 3 크롤링 중...
[2026. 5. 18. AM 12:56:10] [INFO] 페이지 3: 0개 항목 발견
[2026. 5. 18. AM 12:56:11] [INFO] 페이지 4 크롤링 중...
[2026. 5. 18. AM 12:56:13] [INFO] 페이지 4: 0개 항목 발견
[2026. 5. 18. AM 12:56:14] [INFO] 페이지 5 크롤링 중...
[2026. 5. 18. AM 12:56:17] [INFO] 페이지 5: 0개 항목 발견
[2026. 5. 18. AM 12:56:18] [INFO] 페이지 6 크롤링 중...
[2026. 5. 18. AM 12:56:20] [INFO] 페이지 6: 0개 항목 발견
[2026. 5. 18. AM 12:56:21] [INFO] 페이지 7 크롤링 중...
[2026. 5. 18. AM 12:56:23] [INFO] 페이지 7: 0개 항목 발견
[2026. 5. 18. AM 12:56:24] [INFO] 페이지 8 크롤링 중...
[2026. 5. 18. AM 12:56:26] [INFO] 페이지 8: 0개 항목 발견
[2026. 5. 18. AM 12:56:27] [INFO] 총 0개 매물 스크래핑 완료
[2026. 5. 18. AM 12:56:27] [WARN] 스크래핑된 매물이 없습니다
[2026. 5. 18. AM 12:56:27] [INFO] 크롤링 완료

[2026. 5. 18. AM 1:00:42] [INFO] Playwright 브라우저 시작 중...
[2026. 5. 18. AM 1:00:42] [INFO] 페이지 1 크롤링 중...
[2026. 5. 18. AM 1:00:46] [INFO] 페이지 1: 7개 항목 발견
[2026. 5. 18. AM 1:00:47] [INFO] 페이지 2 크롤링 중...
[2026. 5. 18. AM 1:00:49] [INFO] 페이지 2: 7개 항목 발견
[2026. 5. 18. AM 1:00:50] [INFO] 페이지 3 크롤링 중...
[2026. 5. 18. AM 1:00:52] [INFO] 페이지 3: 7개 항목 발견
[2026. 5. 18. AM 1:00:53] [INFO] 페이지 4 크롤링 중...
[2026. 5. 18. AM 1:00:56] [INFO] 페이지 4: 7개 항목 발견
[2026. 5. 18. AM 1:00:57] [INFO] 페이지 5 크롤링 중...
[2026. 5. 18. AM 1:00:59] [INFO] 페이지 5: 7개 항목 발견
[2026. 5. 18. AM 1:01:00] [INFO] 페이지 6 크롤링 중...
[2026. 5. 18. AM 1:01:03] [INFO] 페이지 6: 7개 항목 발견
[2026. 5. 18. AM 1:01:04] [INFO] 페이지 7 크롤링 중...
[2026. 5. 18. AM 1:01:06] [INFO] 페이지 7: 7개 항목 발견
[2026. 5. 18. AM 1:01:07] [INFO] 페이지 8 크롤링 중...
[2026. 5. 18. AM 1:01:09] [INFO] 페이지 8: 7개 항목 발견
[2026. 5. 18. AM 1:01:10] [INFO] 총 56개 매물 스크래핑 완료
[2026. 5. 18. AM 1:01:10] [INFO] Supabase 저장 중...
[2026. 5. 18. AM 1:01:14] [ERROR] ✗ 치명적 오류: Unexpected token '<', "<!DOCTYPE "... is not valid JSON
[2026. 5. 18. AM 1:01:14] [ERROR]   스택: SyntaxError: Unexpected token '<', "<!DOCTYPE "... is not valid JSON
    at JSON.parse (<anonymous>)
    at parseJSONFromBytes (node:internal/deps/undici/undici:4319:19)
    at successSteps (node:internal/deps/undici/undici:6967:27)
    at readAllBytes (node:internal/deps/undici/undici:5890:13)
    at process.processTicksAndRejections (node:internal/process/task_queues:104:5)
[2026. 5. 18. AM 1:01:30] [INFO] Playwright 브라우저 시작 중...
[2026. 5. 18. AM 1:01:30] [INFO] 페이지 1 크롤링 중...
[2026. 5. 18. AM 1:01:34] [INFO] 페이지 1: 7개 항목 발견
[2026. 5. 18. AM 1:01:35] [INFO] 페이지 2 크롤링 중...
[2026. 5. 18. AM 1:01:39] [INFO] 페이지 2: 7개 항목 발견
[2026. 5. 18. AM 1:01:40] [INFO] 페이지 3 크롤링 중...
[2026. 5. 18. AM 1:01:42] [INFO] 페이지 3: 7개 항목 발견
[2026. 5. 18. AM 1:01:43] [INFO] 페이지 4 크롤링 중...
[2026. 5. 18. AM 1:01:45] [INFO] 페이지 4: 7개 항목 발견
[2026. 5. 18. AM 1:01:46] [INFO] 페이지 5 크롤링 중...
[2026. 5. 18. AM 1:01:48] [INFO] 페이지 5: 7개 항목 발견
[2026. 5. 18. AM 1:01:49] [INFO] 페이지 6 크롤링 중...
[2026. 5. 18. AM 1:01:51] [INFO] 페이지 6: 7개 항목 발견
[2026. 5. 18. AM 1:01:52] [INFO] 페이지 7 크롤링 중...
[2026. 5. 18. AM 1:01:55] [INFO] 페이지 7: 7개 항목 발견
[2026. 5. 18. AM 1:01:56] [INFO] 페이지 8 크롤링 중...
[2026. 5. 18. AM 1:01:58] [INFO] 페이지 8: 7개 항목 발견
[2026. 5. 18. AM 1:01:59] [INFO] 총 56개 매물 스크래핑 완료
[2026. 5. 18. AM 1:01:59] [INFO] Supabase 저장 중...
[2026. 5. 18. AM 1:02:09] [SUCCESS] ✓ 완료: 0개 매물 추가됨, 0개 중복 제외
[2026. 5. 18. AM 1:02:09] [SUCCESS]   - 추가: 0개, 중복 제외: 0개
[2026. 5. 18. AM 1:02:09] [INFO] 크롤링 완료

[2026. 5. 18. AM 1:09:16] [INFO] Playwright 브라우저 시작 중...
[2026. 5. 18. AM 1:09:16] [INFO] 페이지 1 크롤링 중...
[2026. 5. 18. AM 1:09:23] [INFO] 페이지 1: 7개 항목 발견
[2026. 5. 18. AM 1:09:42] [INFO] 페이지 2 크롤링 중...
[2026. 5. 18. AM 1:09:44] [INFO] 페이지 2: 7개 항목 발견
[2026. 5. 18. AM 1:10:03] [INFO] 페이지 3 크롤링 중...
[2026. 5. 18. AM 1:10:05] [INFO] 페이지 3: 7개 항목 발견
[2026. 5. 18. AM 1:10:24] [INFO] 페이지 4 크롤링 중...
[2026. 5. 18. AM 1:10:27] [INFO] 페이지 4: 7개 항목 발견
[2026. 5. 18. AM 1:10:47] [INFO] 페이지 5 크롤링 중...
[2026. 5. 18. AM 1:10:49] [INFO] 페이지 5: 7개 항목 발견
[2026. 5. 18. AM 1:11:08] [INFO] 페이지 6 크롤링 중...
[2026. 5. 18. AM 1:11:10] [INFO] 페이지 6: 7개 항목 발견
[2026. 5. 18. AM 1:11:26] [WARN]   상세 페이지 추출 실패: page.goto: Target page, context or browser has been closed
[2026. 5. 18. AM 1:11:32] [INFO] Playwright 브라우저 시작 중...
[2026. 5. 18. AM 1:11:32] [INFO] 페이지 1 크롤링 중...
[2026. 5. 18. AM 1:11:36] [INFO] 페이지 1: 7개 항목 발견
[2026. 5. 18. AM 1:11:37] [INFO] 페이지 2 크롤링 중...
[2026. 5. 18. AM 1:11:39] [INFO] 페이지 2: 7개 항목 발견
[2026. 5. 18. AM 1:11:40] [INFO] 페이지 3 크롤링 중...
[2026. 5. 18. AM 1:11:43] [INFO] 페이지 3: 7개 항목 발견
[2026. 5. 18. AM 1:11:44] [INFO] 페이지 4 크롤링 중...
[2026. 5. 18. AM 1:11:47] [INFO] 페이지 4: 7개 항목 발견
[2026. 5. 18. AM 1:11:47] [INFO] 페이지 5 크롤링 중...
[2026. 5. 18. AM 1:11:49] [INFO] 페이지 5: 7개 항목 발견
[2026. 5. 18. AM 1:11:50] [INFO] 페이지 6 크롤링 중...
[2026. 5. 18. AM 1:11:52] [INFO] 페이지 6: 7개 항목 발견
[2026. 5. 18. AM 1:11:53] [INFO] 페이지 7 크롤링 중...
[2026. 5. 18. AM 1:11:55] [INFO] 페이지 7: 7개 항목 발견
[2026. 5. 18. AM 1:11:56] [INFO] 페이지 8 크롤링 중...
[2026. 5. 18. AM 1:11:58] [INFO] 페이지 8: 7개 항목 발견
[2026. 5. 18. AM 1:11:59] [INFO] 총 56개 매물 발견
[2026. 5. 18. AM 1:11:59] [INFO] Supabase 저장 중...
[2026. 5. 18. AM 1:12:06] [ERROR] ✗ 치명적 오류: Unexpected token '<', "<!DOCTYPE "... is not valid JSON
[2026. 5. 18. AM 1:15:15] [INFO] Playwright 브라우저 시작 중...
[2026. 5. 18. AM 1:15:16] [INFO] 페이지 1 크롤링 중...
[2026. 5. 18. AM 1:15:19] [INFO] 페이지 1: 7개 항목 발견
[2026. 5. 18. AM 1:15:20] [INFO] 페이지 2 크롤링 중...
[2026. 5. 18. AM 1:15:22] [INFO] 페이지 2: 7개 항목 발견
[2026. 5. 18. AM 1:15:23] [INFO] 페이지 3 크롤링 중...
[2026. 5. 18. AM 1:15:25] [INFO] 페이지 3: 7개 항목 발견
[2026. 5. 18. AM 1:15:26] [INFO] 페이지 4 크롤링 중...
[2026. 5. 18. AM 1:15:28] [INFO] 페이지 4: 7개 항목 발견
[2026. 5. 18. AM 1:15:29] [INFO] 페이지 5 크롤링 중...
[2026. 5. 18. AM 1:15:31] [INFO] 페이지 5: 7개 항목 발견
[2026. 5. 18. AM 1:15:32] [INFO] 페이지 6 크롤링 중...
[2026. 5. 18. AM 1:15:34] [INFO] 페이지 6: 7개 항목 발견
[2026. 5. 18. AM 1:15:35] [INFO] 페이지 7 크롤링 중...
[2026. 5. 18. AM 1:15:38] [INFO] 페이지 7: 7개 항목 발견
[2026. 5. 18. AM 1:15:38] [INFO] 페이지 8 크롤링 중...
[2026. 5. 18. AM 1:15:41] [INFO] 페이지 8: 7개 항목 발견
[2026. 5. 18. AM 1:15:41] [INFO] 총 56개 매물 발견
[2026. 5. 18. AM 1:15:41] [INFO] Supabase 저장 중...
[2026. 5. 18. AM 1:15:50] [SUCCESS] ✓ 완료: 0개 매물 추가됨, 0개 중복 제외
[2026. 5. 18. AM 1:15:50] [SUCCESS]   - 추가: 0개, 중복 제외: 0개
[2026. 5. 18. AM 1:15:50] [INFO] 크롤링 완료

[2026. 5. 18. AM 1:28:50] [INFO] Playwright 브라우저 시작 중...
[2026. 5. 18. AM 1:28:50] [INFO] 페이지 1 크롤링 중...
[2026. 5. 18. AM 1:28:57] [INFO] 페이지 1: 7개 항목 발견
[2026. 5. 18. AM 1:28:58] [INFO] 페이지 2 크롤링 중...
[2026. 5. 18. AM 1:29:00] [INFO] 페이지 2: 7개 항목 발견
[2026. 5. 18. AM 1:29:01] [INFO] 페이지 3 크롤링 중...
[2026. 5. 18. AM 1:29:04] [INFO] 페이지 3: 7개 항목 발견
[2026. 5. 18. AM 1:29:05] [INFO] 페이지 4 크롤링 중...
[2026. 5. 18. AM 1:29:07] [INFO] 페이지 4: 7개 항목 발견
[2026. 5. 18. AM 1:29:07] [INFO] 페이지 5 크롤링 중...
[2026. 5. 18. AM 1:29:10] [INFO] 페이지 5: 7개 항목 발견
[2026. 5. 18. AM 1:29:11] [INFO] 페이지 6 크롤링 중...
[2026. 5. 18. AM 1:29:13] [INFO] 페이지 6: 7개 항목 발견
[2026. 5. 18. AM 1:29:14] [INFO] 페이지 7 크롤링 중...
[2026. 5. 18. AM 1:29:16] [INFO] 페이지 7: 7개 항목 발견
[2026. 5. 18. AM 1:29:17] [INFO] 페이지 8 크롤링 중...
[2026. 5. 18. AM 1:29:19] [INFO] 페이지 8: 7개 항목 발견
[2026. 5. 18. AM 1:29:20] [INFO] 총 56개 매물 발견
[2026. 5. 18. AM 1:29:20] [INFO] Supabase 저장 중...
[2026. 5. 18. AM 1:29:32] [SUCCESS] ✓ 완료: 0개 매물 추가됨, 0개 중복 제외
[2026. 5. 18. AM 1:29:32] [SUCCESS]   - 추가: 0개, 중복 제외: 0개
[2026. 5. 18. AM 1:29:32] [INFO] 크롤링 완료

[2026. 5. 18. AM 1:33:07] [INFO] Playwright 브라우저 시작 중...
[2026. 5. 18. AM 1:33:07] [INFO] 페이지 1 크롤링 중...
[2026. 5. 18. AM 1:33:11] [INFO] 페이지 1: 7개 항목 발견
[2026. 5. 18. AM 1:33:12] [INFO] 페이지 2 크롤링 중...
[2026. 5. 18. AM 1:33:14] [INFO] 페이지 2: 7개 항목 발견
[2026. 5. 18. AM 1:33:14] [INFO] 페이지 3 크롤링 중...
[2026. 5. 18. AM 1:33:17] [INFO] 페이지 3: 7개 항목 발견
[2026. 5. 18. AM 1:33:18] [INFO] 페이지 4 크롤링 중...
[2026. 5. 18. AM 1:33:20] [INFO] 페이지 4: 7개 항목 발견
[2026. 5. 18. AM 1:33:20] [INFO] 페이지 5 크롤링 중...
[2026. 5. 18. AM 1:33:23] [INFO] 페이지 5: 7개 항목 발견
[2026. 5. 18. AM 1:33:24] [INFO] 페이지 6 크롤링 중...
[2026. 5. 18. AM 1:33:26] [INFO] 페이지 6: 7개 항목 발견
[2026. 5. 18. AM 1:33:26] [INFO] 페이지 7 크롤링 중...
[2026. 5. 18. AM 1:33:29] [INFO] 페이지 7: 7개 항목 발견
[2026. 5. 18. AM 1:33:30] [INFO] 페이지 8 크롤링 중...
[2026. 5. 18. AM 1:33:32] [INFO] 페이지 8: 7개 항목 발견
[2026. 5. 18. AM 1:33:33] [INFO] 총 56개 매물 발견
[2026. 5. 18. AM 1:33:33] [INFO] Supabase 저장 중...
[2026. 5. 18. AM 1:33:33] [ERROR] ✗ Supabase 환경변수 없음
[2026. 5. 18. AM 1:33:33] [INFO] 크롤링 완료

[2026. 5. 18. AM 1:35:52] [INFO] Playwright 브라우저 시작 중...
[2026. 5. 18. AM 1:35:52] [INFO] 페이지 1 크롤링 중...
[2026. 5. 18. AM 1:35:56] [INFO] 페이지 1: 7개 항목 발견
[2026. 5. 18. AM 1:35:57] [INFO] 페이지 2 크롤링 중...
[2026. 5. 18. AM 1:35:59] [INFO] 페이지 2: 7개 항목 발견
[2026. 5. 18. AM 1:36:00] [INFO] 페이지 3 크롤링 중...
[2026. 5. 18. AM 1:36:03] [INFO] 페이지 3: 7개 항목 발견
[2026. 5. 18. AM 1:36:04] [INFO] 페이지 4 크롤링 중...
[2026. 5. 18. AM 1:36:06] [INFO] 페이지 4: 7개 항목 발견
[2026. 5. 18. AM 1:36:07] [INFO] 페이지 5 크롤링 중...
[2026. 5. 18. AM 1:36:09] [INFO] 페이지 5: 7개 항목 발견
[2026. 5. 18. AM 1:36:10] [INFO] 페이지 6 크롤링 중...
[2026. 5. 18. AM 1:36:12] [INFO] 페이지 6: 7개 항목 발견
[2026. 5. 18. AM 1:36:13] [INFO] 페이지 7 크롤링 중...
[2026. 5. 18. AM 1:36:15] [INFO] 페이지 7: 7개 항목 발견
[2026. 5. 18. AM 1:36:16] [INFO] 페이지 8 크롤링 중...
[2026. 5. 18. AM 1:36:18] [INFO] 페이지 8: 7개 항목 발견
[2026. 5. 18. AM 1:36:18] [INFO] 총 56개 매물 발견
[2026. 5. 18. AM 1:36:18] [INFO] Supabase 저장 중...
[2026. 5. 18. AM 1:36:18] [INFO] Debug: URL=있음, Key=있음
[2026. 5. 18. AM 1:36:24] [SUCCESS] ✓ 완료: 56개 매물 추가됨, 0개 중복 제외
[2026. 5. 18. AM 1:36:24] [SUCCESS]   - 추가: 56개, 중복 제외: 0개
[2026. 5. 18. AM 1:36:25] [INFO] 크롤링 완료

[2026. 5. 18. AM 1:38:57] [INFO] Playwright 브라우저 시작 중...
[2026. 5. 18. AM 1:38:57] [INFO] 페이지 1 크롤링 중...
[2026. 5. 18. AM 1:39:01] [INFO] 페이지 1: 7개 항목 발견
[2026. 5. 18. AM 1:39:20] [INFO] 페이지 2 크롤링 중...
[2026. 5. 18. AM 1:39:23] [INFO] 페이지 2: 7개 항목 발견
[2026. 5. 18. AM 1:39:38] [INFO] 페이지 3 크롤링 중...
[2026. 5. 18. AM 1:39:40] [INFO] 페이지 3: 7개 항목 발견
[2026. 5. 18. AM 1:39:56] [INFO] 페이지 4 크롤링 중...
[2026. 5. 18. AM 1:39:58] [INFO] 페이지 4: 7개 항목 발견
[2026. 5. 18. AM 1:40:14] [INFO] 페이지 5 크롤링 중...
[2026. 5. 18. AM 1:40:16] [INFO] 페이지 5: 7개 항목 발견
[2026. 5. 18. AM 1:40:31] [INFO] 페이지 6 크롤링 중...
[2026. 5. 18. AM 1:40:32] [INFO] 페이지 6: 7개 항목 발견
[2026. 5. 18. AM 1:40:48] [INFO] 페이지 7 크롤링 중...
[2026. 5. 18. AM 1:40:50] [INFO] 페이지 7: 7개 항목 발견
[2026. 5. 18. AM 1:41:07] [INFO] 페이지 8 크롤링 중...
[2026. 5. 18. AM 1:41:09] [INFO] 페이지 8: 7개 항목 발견
[2026. 5. 18. AM 1:41:25] [INFO] 총 56개 매물 발견
[2026. 5. 18. AM 1:41:25] [INFO] Supabase 저장 중...
[2026. 5. 18. AM 1:41:25] [INFO] Debug: URL=있음, Key=있음
[2026. 5. 18. AM 1:41:33] [SUCCESS] ✓ 완료: 56개 매물 추가됨, 0개 중복 제외
[2026. 5. 18. AM 1:41:33] [SUCCESS]   - 추가: 56개, 중복 제외: 0개
[2026. 5. 18. AM 1:41:33] [INFO] 크롤링 완료

[2026. 5. 18. AM 1:45:51] [INFO] Playwright 브라우저 시작 중...
[2026. 5. 18. AM 1:45:51] [INFO] 로그인 중...
[2026. 5. 18. AM 1:46:22] [ERROR] ✗ 치명적 오류: page.fill: Timeout 30000ms exceeded.
Call log:
[2m  - waiting for locator('input[type="email"], input[name="email"], input[name="userid"]')[22m

[2026. 5. 18. AM 1:51:35] [INFO] Playwright 브라우저 시작 중...
[2026. 5. 18. AM 1:51:36] [INFO] 페이지 1 크롤링 중...
[2026. 5. 18. AM 1:51:40] [INFO] 페이지 1: 7개 항목 발견
[2026. 5. 18. AM 1:51:59] [INFO] 페이지 2 크롤링 중...
[2026. 5. 18. AM 1:52:01] [INFO] 페이지 2: 7개 항목 발견
[2026. 5. 18. AM 1:52:44] [WARN] 상세페이지 로드 실패 (https://www.xn--3e0b036btifksj.com/85): page.goto: Timeout 30000ms exceeded.
Call log:
[2m  - navigating to "https://www.xn--3e0b036btifksj.com/85", waiting until "networkidle"[22m

[2026. 5. 18. AM 1:52:45] [INFO] 페이지 3 크롤링 중...
[2026. 5. 18. AM 1:52:48] [INFO] 페이지 3: 7개 항목 발견
[2026. 5. 18. AM 1:53:02] [INFO] 페이지 4 크롤링 중...
[2026. 5. 18. AM 1:53:05] [INFO] 페이지 4: 7개 항목 발견
[2026. 5. 18. AM 1:53:19] [INFO] 페이지 5 크롤링 중...
[2026. 5. 18. AM 1:53:21] [INFO] 페이지 5: 7개 항목 발견
[2026. 5. 18. AM 1:53:37] [INFO] 페이지 6 크롤링 중...
[2026. 5. 18. AM 1:53:39] [INFO] 페이지 6: 7개 항목 발견
[2026. 5. 18. AM 1:53:54] [INFO] 페이지 7 크롤링 중...
[2026. 5. 18. AM 1:53:56] [INFO] 페이지 7: 7개 항목 발견
[2026. 5. 18. AM 1:54:10] [INFO] 페이지 8 크롤링 중...
[2026. 5. 18. AM 1:54:13] [INFO] 페이지 8: 7개 항목 발견
[2026. 5. 18. AM 1:54:27] [INFO] 총 56개 매물 발견
[2026. 5. 18. AM 1:54:27] [INFO] Supabase 저장 중...
[2026. 5. 18. AM 1:54:27] [INFO] Debug: URL=있음, Key=있음
[2026. 5. 18. AM 1:54:35] [SUCCESS] ✓ 완료: 56개 매물 추가됨, 0개 중복 제외
[2026. 5. 18. AM 1:54:35] [SUCCESS]   - 추가: 56개, 중복 제외: 0개
[2026. 5. 18. AM 1:54:35] [INFO] 크롤링 완료

[2026. 5. 18. AM 1:56:22] [INFO] Playwright 브라우저 시작 중...
[2026. 5. 18. AM 1:56:23] [INFO] 페이지 1 크롤링 중...
[2026. 5. 18. AM 1:56:26] [INFO] 페이지 1: 7개 항목 발견
[2026. 5. 18. AM 1:56:41] [INFO] 페이지 2 크롤링 중...
[2026. 5. 18. AM 1:56:43] [INFO] 페이지 2: 7개 항목 발견
[2026. 5. 18. AM 1:56:58] [INFO] 페이지 3 크롤링 중...
[2026. 5. 18. AM 1:57:00] [INFO] 페이지 3: 7개 항목 발견
[2026. 5. 18. AM 1:57:15] [INFO] 페이지 4 크롤링 중...
[2026. 5. 18. AM 1:57:17] [INFO] 페이지 4: 7개 항목 발견
[2026. 5. 18. AM 1:57:32] [INFO] 페이지 5 크롤링 중...
[2026. 5. 18. AM 1:57:34] [INFO] 페이지 5: 7개 항목 발견
[2026. 5. 18. AM 1:57:49] [INFO] 페이지 6 크롤링 중...
[2026. 5. 18. AM 1:57:50] [INFO] 페이지 6: 7개 항목 발견
[2026. 5. 18. AM 1:58:05] [INFO] 페이지 7 크롤링 중...
[2026. 5. 18. AM 1:58:07] [INFO] 페이지 7: 7개 항목 발견
[2026. 5. 18. AM 1:58:22] [INFO] 페이지 8 크롤링 중...
[2026. 5. 18. AM 1:58:24] [INFO] 페이지 8: 7개 항목 발견
[2026. 5. 18. AM 1:58:39] [INFO] 총 56개 매물 발견
[2026. 5. 18. AM 1:58:39] [INFO] Supabase 저장 중...
[2026. 5. 18. AM 1:58:39] [INFO] Debug: URL=있음, Key=있음
[2026. 5. 18. AM 1:58:44] [SUCCESS] ✓ 완료: 48개 매물 추가됨, 8개 중복 제외
[2026. 5. 18. AM 1:58:44] [SUCCESS]   - 추가: 48개, 중복 제외: 8개
[2026. 5. 18. AM 1:58:44] [INFO] 크롤링 완료

[2026. 5. 18. AM 2:18:26] [INFO] Playwright 브라우저 시작 중...
[2026. 5. 18. AM 2:18:26] [INFO] 페이지 1 크롤링 중...
[2026. 5. 18. AM 2:18:33] [INFO] 페이지 1: 7개 항목 발견
[2026. 5. 18. AM 2:18:47] [INFO] 페이지 2 크롤링 중...
[2026. 5. 18. AM 2:18:49] [INFO] 페이지 2: 7개 항목 발견
[2026. 5. 18. AM 2:19:05] [INFO] 페이지 3 크롤링 중...
[2026. 5. 18. AM 2:19:07] [INFO] 페이지 3: 7개 항목 발견
[2026. 5. 18. AM 2:19:22] [INFO] 페이지 4 크롤링 중...
[2026. 5. 18. AM 2:19:25] [INFO] 페이지 4: 7개 항목 발견
[2026. 5. 18. AM 2:19:40] [INFO] 페이지 5 크롤링 중...
[2026. 5. 18. AM 2:19:42] [INFO] 페이지 5: 7개 항목 발견
[2026. 5. 18. AM 2:19:58] [INFO] 페이지 6 크롤링 중...
[2026. 5. 18. AM 2:20:00] [INFO] 페이지 6: 7개 항목 발견
[2026. 5. 18. AM 2:20:16] [INFO] 페이지 7 크롤링 중...
[2026. 5. 18. AM 2:20:18] [INFO] 페이지 7: 7개 항목 발견
[2026. 5. 18. AM 2:20:34] [INFO] 페이지 8 크롤링 중...
[2026. 5. 18. AM 2:20:36] [INFO] 페이지 8: 7개 항목 발견
[2026. 5. 18. AM 2:20:50] [INFO] 총 56개 매물 발견
[2026. 5. 18. AM 2:20:50] [INFO] Supabase 저장 중...
[2026. 5. 18. AM 2:20:50] [INFO] Debug: URL=있음, Key=있음
[2026. 5. 18. AM 2:21:01] [SUCCESS] ✓ 완료: 48개 매물 추가됨, 8개 중복 제외
[2026. 5. 18. AM 2:21:01] [SUCCESS]   - 추가: 48개, 중복 제외: 8개
[2026. 5. 18. AM 2:21:02] [INFO] 크롤링 완료

[2026. 5. 18. AM 5:04:57] [INFO] Playwright 브라우저 시작 중...
[2026. 5. 18. AM 5:04:57] [ERROR] ✗ 치명적 오류: browserType.launch: Executable doesn't exist at C:\WINDOWS\system32\config\systemprofile\AppData\Local\ms-playwright\chromium_headless_shell-1223\chrome-headless-shell-win64\chrome-headless-shell.exe
╔════════════════════════════════════════════════════════════╗
║ Looks like Playwright was just installed or updated.       ║
║ Please run the following command to download new browsers: ║
║                                                            ║
║     npx playwright install                                 ║
║                                                            ║
║ <3 Playwright Team                                         ║
╚════════════════════════════════════════════════════════════╝
[2026. 5. 18. AM 5:05:01] [INFO] Playwright 브라우저 시작 중...
[2026. 5. 18. AM 5:05:01] [ERROR] ✗ 치명적 오류: browserType.launch: Executable doesn't exist at C:\WINDOWS\system32\config\systemprofile\AppData\Local\ms-playwright\chromium_headless_shell-1223\chrome-headless-shell-win64\chrome-headless-shell.exe
╔════════════════════════════════════════════════════════════╗
║ Looks like Playwright was just installed or updated.       ║
║ Please run the following command to download new browsers: ║
║                                                            ║
║     npx playwright install                                 ║
║                                                            ║
║ <3 Playwright Team                                         ║
╚════════════════════════════════════════════════════════════╝
[2026. 5. 18. PM 6:26:00] [INFO] Playwright 브라우저 시작 중...
[2026. 5. 18. PM 6:26:00] [ERROR] ✗ 치명적 오류: browserType.launch: Executable doesn't exist at C:\WINDOWS\system32\config\systemprofile\AppData\Local\ms-playwright\chromium_headless_shell-1223\chrome-headless-shell-win64\chrome-headless-shell.exe
╔════════════════════════════════════════════════════════════╗
║ Looks like Playwright was just installed or updated.       ║
║ Please run the following command to download new browsers: ║
║                                                            ║
║     npx playwright install                                 ║
║                                                            ║
║ <3 Playwright Team                                         ║
╚════════════════════════════════════════════════════════════╝
[2026. 5. 18. PM 7:05:01] [INFO] Playwright 브라우저 시작 중...
[2026. 5. 18. PM 7:05:01] [ERROR] ✗ 치명적 오류: browserType.launch: Executable doesn't exist at C:\WINDOWS\system32\config\systemprofile\AppData\Local\ms-playwright\chromium_headless_shell-1223\chrome-headless-shell-win64\chrome-headless-shell.exe
╔════════════════════════════════════════════════════════════╗
║ Looks like Playwright was just installed or updated.       ║
║ Please run the following command to download new browsers: ║
║                                                            ║
║     npx playwright install                                 ║
║                                                            ║
║ <3 Playwright Team                                         ║
╚════════════════════════════════════════════════════════════╝
[2026. 5. 18. PM 8:05:01] [INFO] Playwright 브라우저 시작 중...
[2026. 5. 18. PM 8:05:01] [ERROR] ✗ 치명적 오류: browserType.launch: Executable doesn't exist at C:\WINDOWS\system32\config\systemprofile\AppData\Local\ms-playwright\chromium_headless_shell-1223\chrome-headless-shell-win64\chrome-headless-shell.exe
╔════════════════════════════════════════════════════════════╗
║ Looks like Playwright was just installed or updated.       ║
║ Please run the following command to download new browsers: ║
║                                                            ║
║     npx playwright install                                 ║
║                                                            ║
║ <3 Playwright Team                                         ║
╚════════════════════════════════════════════════════════════╝
[2026. 5. 18. PM 10:33:56] [INFO] Playwright 브라우저 시작 중...
[2026. 5. 18. PM 10:33:56] [ERROR] ✗ 치명적 오류: browserType.launch: Executable doesn't exist at C:\WINDOWS\system32\config\systemprofile\AppData\Local\ms-playwright\chromium_headless_shell-1223\chrome-headless-shell-win64\chrome-headless-shell.exe
╔════════════════════════════════════════════════════════════╗
║ Looks like Playwright was just installed or updated.       ║
║ Please run the following command to download new browsers: ║
║                                                            ║
║     npx playwright install                                 ║
║                                                            ║
║ <3 Playwright Team                                         ║
╚════════════════════════════════════════════════════════════╝
[2026. 5. 18. PM 11:05:02] [INFO] Playwright 브라우저 시작 중...
[2026. 5. 18. PM 11:05:02] [ERROR] ✗ 치명적 오류: browserType.launch: Executable doesn't exist at C:\WINDOWS\system32\config\systemprofile\AppData\Local\ms-playwright\chromium_headless_shell-1223\chrome-headless-shell-win64\chrome-headless-shell.exe
╔════════════════════════════════════════════════════════════╗
║ Looks like Playwright was just installed or updated.       ║
║ Please run the following command to download new browsers: ║
║                                                            ║
║     npx playwright install                                 ║
║                                                            ║
║ <3 Playwright Team                                         ║
╚════════════════════════════════════════════════════════════╝
[2026. 5. 19. AM 12:05:02] [INFO] Playwright 브라우저 시작 중...
[2026. 5. 19. AM 12:05:02] [ERROR] ✗ 치명적 오류: browserType.launch: Executable doesn't exist at C:\WINDOWS\system32\config\systemprofile\AppData\Local\ms-playwright\chromium_headless_shell-1223\chrome-headless-shell-win64\chrome-headless-shell.exe
╔════════════════════════════════════════════════════════════╗
║ Looks like Playwright was just installed or updated.       ║
║ Please run the following command to download new browsers: ║
║                                                            ║
║     npx playwright install                                 ║
║                                                            ║
║ <3 Playwright Team                                         ║
╚════════════════════════════════════════════════════════════╝
[2026. 5. 19. AM 1:05:02] [INFO] Playwright 브라우저 시작 중...
[2026. 5. 19. AM 1:05:02] [ERROR] ✗ 치명적 오류: browserType.launch: Executable doesn't exist at C:\WINDOWS\system32\config\systemprofile\AppData\Local\ms-playwright\chromium_headless_shell-1223\chrome-headless-shell-win64\chrome-headless-shell.exe
╔════════════════════════════════════════════════════════════╗
║ Looks like Playwright was just installed or updated.       ║
║ Please run the following command to download new browsers: ║
║                                                            ║
║     npx playwright install                                 ║
║                                                            ║
║ <3 Playwright Team                                         ║
╚════════════════════════════════════════════════════════════╝
[2026. 5. 19. AM 2:05:02] [INFO] Playwright 브라우저 시작 중...
[2026. 5. 19. AM 2:05:02] [ERROR] ✗ 치명적 오류: browserType.launch: Executable doesn't exist at C:\WINDOWS\system32\config\systemprofile\AppData\Local\ms-playwright\chromium_headless_shell-1223\chrome-headless-shell-win64\chrome-headless-shell.exe
╔════════════════════════════════════════════════════════════╗
║ Looks like Playwright was just installed or updated.       ║
║ Please run the following command to download new browsers: ║
║                                                            ║
║     npx playwright install                                 ║
║                                                            ║
║ <3 Playwright Team                                         ║
╚════════════════════════════════════════════════════════════╝
[2026. 5. 19. AM 9:06:49] [INFO] Playwright 브라우저 시작 중...
[2026. 5. 19. AM 9:06:49] [ERROR] ✗ 치명적 오류: browserType.launch: Executable doesn't exist at C:\WINDOWS\system32\config\systemprofile\AppData\Local\ms-playwright\chromium_headless_shell-1223\chrome-headless-shell-win64\chrome-headless-shell.exe
╔════════════════════════════════════════════════════════════╗
║ Looks like Playwright was just installed or updated.       ║
║ Please run the following command to download new browsers: ║
║                                                            ║
║     npx playwright install                                 ║
║                                                            ║
║ <3 Playwright Team                                         ║
╚════════════════════════════════════════════════════════════╝
[2026. 5. 19. AM 10:05:01] [INFO] Playwright 브라우저 시작 중...
[2026. 5. 19. AM 10:05:01] [ERROR] ✗ 치명적 오류: browserType.launch: Executable doesn't exist at C:\WINDOWS\system32\config\systemprofile\AppData\Local\ms-playwright\chromium_headless_shell-1223\chrome-headless-shell-win64\chrome-headless-shell.exe
╔════════════════════════════════════════════════════════════╗
║ Looks like Playwright was just installed or updated.       ║
║ Please run the following command to download new browsers: ║
║                                                            ║
║     npx playwright install                                 ║
║                                                            ║
║ <3 Playwright Team                                         ║
╚════════════════════════════════════════════════════════════╝
[2026. 5. 19. AM 11:05:01] [INFO] Playwright 브라우저 시작 중...
[2026. 5. 19. AM 11:05:01] [ERROR] ✗ 치명적 오류: browserType.launch: Executable doesn't exist at C:\WINDOWS\system32\config\systemprofile\AppData\Local\ms-playwright\chromium_headless_shell-1223\chrome-headless-shell-win64\chrome-headless-shell.exe
╔════════════════════════════════════════════════════════════╗
║ Looks like Playwright was just installed or updated.       ║
║ Please run the following command to download new browsers: ║
║                                                            ║
║     npx playwright install                                 ║
║                                                            ║
║ <3 Playwright Team                                         ║
╚════════════════════════════════════════════════════════════╝
[2026. 5. 19. PM 12:05:01] [INFO] Playwright 브라우저 시작 중...
[2026. 5. 19. PM 12:05:01] [ERROR] ✗ 치명적 오류: browserType.launch: Executable doesn't exist at C:\WINDOWS\system32\config\systemprofile\AppData\Local\ms-playwright\chromium_headless_shell-1223\chrome-headless-shell-win64\chrome-headless-shell.exe
╔════════════════════════════════════════════════════════════╗
║ Looks like Playwright was just installed or updated.       ║
║ Please run the following command to download new browsers: ║
║                                                            ║
║     npx playwright install                                 ║
║                                                            ║
║ <3 Playwright Team                                         ║
╚════════════════════════════════════════════════════════════╝
[2026. 5. 19. PM 1:05:01] [INFO] Playwright 브라우저 시작 중...
[2026. 5. 19. PM 1:05:01] [ERROR] ✗ 치명적 오류: browserType.launch: Executable doesn't exist at C:\WINDOWS\system32\config\systemprofile\AppData\Local\ms-playwright\chromium_headless_shell-1223\chrome-headless-shell-win64\chrome-headless-shell.exe
╔════════════════════════════════════════════════════════════╗
║ Looks like Playwright was just installed or updated.       ║
║ Please run the following command to download new browsers: ║
║                                                            ║
║     npx playwright install                                 ║
║                                                            ║
║ <3 Playwright Team                                         ║
╚════════════════════════════════════════════════════════════╝
[2026. 5. 19. PM 5:51:50] [INFO] Playwright 브라우저 시작 중...
[2026. 5. 19. PM 5:51:50] [ERROR] ✗ 치명적 오류: browserType.launch: Executable doesn't exist at C:\WINDOWS\system32\config\systemprofile\AppData\Local\ms-playwright\chromium_headless_shell-1223\chrome-headless-shell-win64\chrome-headless-shell.exe
╔════════════════════════════════════════════════════════════╗
║ Looks like Playwright was just installed or updated.       ║
║ Please run the following command to download new browsers: ║
║                                                            ║
║     npx playwright install                                 ║
║                                                            ║
║ <3 Playwright Team                                         ║
╚════════════════════════════════════════════════════════════╝
[2026. 5. 19. PM 6:05:02] [INFO] Playwright 브라우저 시작 중...
[2026. 5. 19. PM 6:05:02] [ERROR] ✗ 치명적 오류: browserType.launch: Executable doesn't exist at C:\WINDOWS\system32\config\systemprofile\AppData\Local\ms-playwright\chromium_headless_shell-1223\chrome-headless-shell-win64\chrome-headless-shell.exe
╔════════════════════════════════════════════════════════════╗
║ Looks like Playwright was just installed or updated.       ║
║ Please run the following command to download new browsers: ║
║                                                            ║
║     npx playwright install                                 ║
║                                                            ║
║ <3 Playwright Team                                         ║
╚════════════════════════════════════════════════════════════╝
[2026. 5. 19. PM 7:05:02] [INFO] Playwright 브라우저 시작 중...
[2026. 5. 19. PM 7:05:02] [ERROR] ✗ 치명적 오류: browserType.launch: Executable doesn't exist at C:\WINDOWS\system32\config\systemprofile\AppData\Local\ms-playwright\chromium_headless_shell-1223\chrome-headless-shell-win64\chrome-headless-shell.exe
╔════════════════════════════════════════════════════════════╗
║ Looks like Playwright was just installed or updated.       ║
║ Please run the following command to download new browsers: ║
║                                                            ║
║     npx playwright install                                 ║
║                                                            ║
║ <3 Playwright Team                                         ║
╚════════════════════════════════════════════════════════════╝
[2026. 5. 19. PM 8:05:02] [INFO] Playwright 브라우저 시작 중...
[2026. 5. 19. PM 8:05:02] [ERROR] ✗ 치명적 오류: browserType.launch: Executable doesn't exist at C:\WINDOWS\system32\config\systemprofile\AppData\Local\ms-playwright\chromium_headless_shell-1223\chrome-headless-shell-win64\chrome-headless-shell.exe
╔════════════════════════════════════════════════════════════╗
║ Looks like Playwright was just installed or updated.       ║
║ Please run the following command to download new browsers: ║
║                                                            ║
║     npx playwright install                                 ║
║                                                            ║
║ <3 Playwright Team                                         ║
╚════════════════════════════════════════════════════════════╝
[2026. 5. 19. PM 9:05:02] [INFO] Playwright 브라우저 시작 중...
[2026. 5. 19. PM 9:05:02] [ERROR] ✗ 치명적 오류: browserType.launch: Executable doesn't exist at C:\WINDOWS\system32\config\systemprofile\AppData\Local\ms-playwright\chromium_headless_shell-1223\chrome-headless-shell-win64\chrome-headless-shell.exe
╔════════════════════════════════════════════════════════════╗
║ Looks like Playwright was just installed or updated.       ║
║ Please run the following command to download new browsers: ║
║                                                            ║
║     npx playwright install                                 ║
║                                                            ║
║ <3 Playwright Team                                         ║
╚════════════════════════════════════════════════════════════╝
[2026. 5. 19. PM 10:10:49] [INFO] Playwright 브라우저 시작 중...
[2026. 5. 19. PM 10:10:49] [ERROR] ✗ 치명적 오류: browserType.launch: Executable doesn't exist at C:\WINDOWS\system32\config\systemprofile\AppData\Local\ms-playwright\chromium_headless_shell-1223\chrome-headless-shell-win64\chrome-headless-shell.exe
╔════════════════════════════════════════════════════════════╗
║ Looks like Playwright was just installed or updated.       ║
║ Please run the following command to download new browsers: ║
║                                                            ║
║     npx playwright install                                 ║
║                                                            ║
║ <3 Playwright Team                                         ║
╚════════════════════════════════════════════════════════════╝
[2026. 5. 19. PM 11:05:02] [INFO] Playwright 브라우저 시작 중...
[2026. 5. 19. PM 11:05:02] [ERROR] ✗ 치명적 오류: browserType.launch: Executable doesn't exist at C:\WINDOWS\system32\config\systemprofile\AppData\Local\ms-playwright\chromium_headless_shell-1223\chrome-headless-shell-win64\chrome-headless-shell.exe
╔════════════════════════════════════════════════════════════╗
║ Looks like Playwright was just installed or updated.       ║
║ Please run the following command to download new browsers: ║
║                                                            ║
║     npx playwright install                                 ║
║                                                            ║
║ <3 Playwright Team                                         ║
╚════════════════════════════════════════════════════════════╝
[2026. 5. 20. AM 2:06:00] [INFO] Playwright 브라우저 시작 중...
[2026. 5. 20. AM 2:06:00] [ERROR] ✗ 치명적 오류: browserType.launch: Executable doesn't exist at C:\WINDOWS\system32\config\systemprofile\AppData\Local\ms-playwright\chromium_headless_shell-1223\chrome-headless-shell-win64\chrome-headless-shell.exe
╔════════════════════════════════════════════════════════════╗
║ Looks like Playwright was just installed or updated.       ║
║ Please run the following command to download new browsers: ║
║                                                            ║
║     npx playwright install                                 ║
║                                                            ║
║ <3 Playwright Team                                         ║
╚════════════════════════════════════════════════════════════╝
[2026. 5. 20. AM 3:05:01] [INFO] Playwright 브라우저 시작 중...
[2026. 5. 20. AM 3:05:02] [ERROR] ✗ 치명적 오류: browserType.launch: Executable doesn't exist at C:\WINDOWS\system32\config\systemprofile\AppData\Local\ms-playwright\chromium_headless_shell-1223\chrome-headless-shell-win64\chrome-headless-shell.exe
╔════════════════════════════════════════════════════════════╗
║ Looks like Playwright was just installed or updated.       ║
║ Please run the following command to download new browsers: ║
║                                                            ║
║     npx playwright install                                 ║
║                                                            ║
║ <3 Playwright Team                                         ║
╚════════════════════════════════════════════════════════════╝
[2026. 5. 20. AM 11:13:25] [INFO] Playwright 브라우저 시작 중...
[2026. 5. 20. AM 11:13:25] [ERROR] ✗ 치명적 오류: browserType.launch: Executable doesn't exist at C:\WINDOWS\system32\config\systemprofile\AppData\Local\ms-playwright\chromium_headless_shell-1223\chrome-headless-shell-win64\chrome-headless-shell.exe
╔════════════════════════════════════════════════════════════╗
║ Looks like Playwright was just installed or updated.       ║
║ Please run the following command to download new browsers: ║
║                                                            ║
║     npx playwright install                                 ║
║                                                            ║
║ <3 Playwright Team                                         ║
╚════════════════════════════════════════════════════════════╝
[2026. 5. 20. PM 3:15:55] [INFO] Playwright 브라우저 시작 중...
[2026. 5. 20. PM 3:15:55] [ERROR] ✗ 치명적 오류: browserType.launch: Executable doesn't exist at C:\WINDOWS\system32\config\systemprofile\AppData\Local\ms-playwright\chromium_headless_shell-1223\chrome-headless-shell-win64\chrome-headless-shell.exe
╔════════════════════════════════════════════════════════════╗
║ Looks like Playwright was just installed or updated.       ║
║ Please run the following command to download new browsers: ║
║                                                            ║
║     npx playwright install                                 ║
║                                                            ║
║ <3 Playwright Team                                         ║
╚════════════════════════════════════════════════════════════╝
[2026. 5. 21. AM 4:21:55] [INFO] Playwright 브라우저 시작 중...
[2026. 5. 21. AM 4:21:55] [ERROR] ✗ 치명적 오류: browserType.launch: Executable doesn't exist at C:\WINDOWS\system32\config\systemprofile\AppData\Local\ms-playwright\chromium_headless_shell-1223\chrome-headless-shell-win64\chrome-headless-shell.exe
╔════════════════════════════════════════════════════════════╗
║ Looks like Playwright was just installed or updated.       ║
║ Please run the following command to download new browsers: ║
║                                                            ║
║     npx playwright install                                 ║
║                                                            ║
║ <3 Playwright Team                                         ║
╚════════════════════════════════════════════════════════════╝
[2026. 5. 21. AM 5:05:01] [INFO] Playwright 브라우저 시작 중...
[2026. 5. 21. AM 5:05:01] [ERROR] ✗ 치명적 오류: browserType.launch: Executable doesn't exist at C:\WINDOWS\system32\config\systemprofile\AppData\Local\ms-playwright\chromium_headless_shell-1223\chrome-headless-shell-win64\chrome-headless-shell.exe
╔════════════════════════════════════════════════════════════╗
║ Looks like Playwright was just installed or updated.       ║
║ Please run the following command to download new browsers: ║
║                                                            ║
║     npx playwright install                                 ║
║                                                            ║
║ <3 Playwright Team                                         ║
╚════════════════════════════════════════════════════════════╝
[2026. 5. 21. AM 6:05:01] [INFO] Playwright 브라우저 시작 중...
[2026. 5. 21. AM 6:05:01] [ERROR] ✗ 치명적 오류: browserType.launch: Executable doesn't exist at C:\WINDOWS\system32\config\systemprofile\AppData\Local\ms-playwright\chromium_headless_shell-1223\chrome-headless-shell-win64\chrome-headless-shell.exe
╔════════════════════════════════════════════════════════════╗
║ Looks like Playwright was just installed or updated.       ║
║ Please run the following command to download new browsers: ║
║                                                            ║
║     npx playwright install                                 ║
║                                                            ║
║ <3 Playwright Team                                         ║
╚════════════════════════════════════════════════════════════╝
[2026. 5. 21. AM 7:05:01] [INFO] Playwright 브라우저 시작 중...
[2026. 5. 21. AM 7:05:01] [ERROR] ✗ 치명적 오류: browserType.launch: Executable doesn't exist at C:\WINDOWS\system32\config\systemprofile\AppData\Local\ms-playwright\chromium_headless_shell-1223\chrome-headless-shell-win64\chrome-headless-shell.exe
╔════════════════════════════════════════════════════════════╗
║ Looks like Playwright was just installed or updated.       ║
║ Please run the following command to download new browsers: ║
║                                                            ║
║     npx playwright install                                 ║
║                                                            ║
║ <3 Playwright Team                                         ║
╚════════════════════════════════════════════════════════════╝
[2026. 5. 21. AM 8:05:01] [INFO] Playwright 브라우저 시작 중...
[2026. 5. 21. AM 8:05:01] [ERROR] ✗ 치명적 오류: browserType.launch: Executable doesn't exist at C:\WINDOWS\system32\config\systemprofile\AppData\Local\ms-playwright\chromium_headless_shell-1223\chrome-headless-shell-win64\chrome-headless-shell.exe
╔════════════════════════════════════════════════════════════╗
║ Looks like Playwright was just installed or updated.       ║
║ Please run the following command to download new browsers: ║
║                                                            ║
║     npx playwright install                                 ║
║                                                            ║
║ <3 Playwright Team                                         ║
╚════════════════════════════════════════════════════════════╝
[2026. 5. 21. AM 9:05:01] [INFO] Playwright 브라우저 시작 중...
[2026. 5. 21. AM 9:05:01] [ERROR] ✗ 치명적 오류: browserType.launch: Executable doesn't exist at C:\WINDOWS\system32\config\systemprofile\AppData\Local\ms-playwright\chromium_headless_shell-1223\chrome-headless-shell-win64\chrome-headless-shell.exe
╔════════════════════════════════════════════════════════════╗
║ Looks like Playwright was just installed or updated.       ║
║ Please run the following command to download new browsers: ║
║                                                            ║
║     npx playwright install                                 ║
║                                                            ║
║ <3 Playwright Team                                         ║
╚════════════════════════════════════════════════════════════╝
[2026. 5. 21. AM 10:05:01] [INFO] Playwright 브라우저 시작 중...
[2026. 5. 21. AM 10:05:01] [ERROR] ✗ 치명적 오류: browserType.launch: Executable doesn't exist at C:\WINDOWS\system32\config\systemprofile\AppData\Local\ms-playwright\chromium_headless_shell-1223\chrome-headless-shell-win64\chrome-headless-shell.exe
╔════════════════════════════════════════════════════════════╗
║ Looks like Playwright was just installed or updated.       ║
║ Please run the following command to download new browsers: ║
║                                                            ║
║     npx playwright install                                 ║
║                                                            ║
║ <3 Playwright Team                                         ║
╚════════════════════════════════════════════════════════════╝
[2026. 5. 21. AM 11:08:17] [INFO] Playwright 브라우저 시작 중...
[2026. 5. 21. AM 11:08:17] [ERROR] ✗ 치명적 오류: browserType.launch: Executable doesn't exist at C:\WINDOWS\system32\config\systemprofile\AppData\Local\ms-playwright\chromium_headless_shell-1223\chrome-headless-shell-win64\chrome-headless-shell.exe
╔════════════════════════════════════════════════════════════╗
║ Looks like Playwright was just installed or updated.       ║
║ Please run the following command to download new browsers: ║
║                                                            ║
║     npx playwright install                                 ║
║                                                            ║
║ <3 Playwright Team                                         ║
╚════════════════════════════════════════════════════════════╝
[2026. 5. 21. PM 6:29:31] [INFO] Playwright 브라우저 시작 중...
[2026. 5. 21. PM 6:29:32] [ERROR] ✗ 치명적 오류: browserType.launch: Executable doesn't exist at C:\WINDOWS\system32\config\systemprofile\AppData\Local\ms-playwright\chromium_headless_shell-1223\chrome-headless-shell-win64\chrome-headless-shell.exe
╔════════════════════════════════════════════════════════════╗
║ Looks like Playwright was just installed or updated.       ║
║ Please run the following command to download new browsers: ║
║                                                            ║
║     npx playwright install                                 ║
║                                                            ║
║ <3 Playwright Team                                         ║
╚════════════════════════════════════════════════════════════╝
[2026. 5. 21. PM 7:05:01] [INFO] Playwright 브라우저 시작 중...
[2026. 5. 21. PM 7:05:01] [ERROR] ✗ 치명적 오류: browserType.launch: Executable doesn't exist at C:\WINDOWS\system32\config\systemprofile\AppData\Local\ms-playwright\chromium_headless_shell-1223\chrome-headless-shell-win64\chrome-headless-shell.exe
╔════════════════════════════════════════════════════════════╗
║ Looks like Playwright was just installed or updated.       ║
║ Please run the following command to download new browsers: ║
║                                                            ║
║     npx playwright install                                 ║
║                                                            ║
║ <3 Playwright Team                                         ║
╚════════════════════════════════════════════════════════════╝
[2026. 5. 21. PM 8:05:01] [INFO] Playwright 브라우저 시작 중...
[2026. 5. 21. PM 8:05:01] [ERROR] ✗ 치명적 오류: browserType.launch: Executable doesn't exist at C:\WINDOWS\system32\config\systemprofile\AppData\Local\ms-playwright\chromium_headless_shell-1223\chrome-headless-shell-win64\chrome-headless-shell.exe
╔════════════════════════════════════════════════════════════╗
║ Looks like Playwright was just installed or updated.       ║
║ Please run the following command to download new browsers: ║
║                                                            ║
║     npx playwright install                                 ║
║                                                            ║
║ <3 Playwright Team                                         ║
╚════════════════════════════════════════════════════════════╝
[2026. 5. 21. PM 9:05:01] [INFO] Playwright 브라우저 시작 중...
[2026. 5. 21. PM 9:05:01] [ERROR] ✗ 치명적 오류: browserType.launch: Executable doesn't exist at C:\WINDOWS\system32\config\systemprofile\AppData\Local\ms-playwright\chromium_headless_shell-1223\chrome-headless-shell-win64\chrome-headless-shell.exe
╔════════════════════════════════════════════════════════════╗
║ Looks like Playwright was just installed or updated.       ║
║ Please run the following command to download new browsers: ║
║                                                            ║
║     npx playwright install                                 ║
║                                                            ║
║ <3 Playwright Team                                         ║
╚════════════════════════════════════════════════════════════╝
[2026. 5. 21. PM 10:30:36] [INFO] Playwright 브라우저 시작 중...
[2026. 5. 21. PM 10:30:36] [ERROR] ✗ 치명적 오류: browserType.launch: Executable doesn't exist at C:\WINDOWS\system32\config\systemprofile\AppData\Local\ms-playwright\chromium_headless_shell-1223\chrome-headless-shell-win64\chrome-headless-shell.exe
╔════════════════════════════════════════════════════════════╗
║ Looks like Playwright was just installed or updated.       ║
║ Please run the following command to download new browsers: ║
║                                                            ║
║     npx playwright install                                 ║
║                                                            ║
║ <3 Playwright Team                                         ║
╚════════════════════════════════════════════════════════════╝
[2026. 5. 21. PM 11:05:01] [INFO] Playwright 브라우저 시작 중...
[2026. 5. 21. PM 11:05:01] [ERROR] ✗ 치명적 오류: browserType.launch: Executable doesn't exist at C:\WINDOWS\system32\config\systemprofile\AppData\Local\ms-playwright\chromium_headless_shell-1223\chrome-headless-shell-win64\chrome-headless-shell.exe
╔════════════════════════════════════════════════════════════╗
║ Looks like Playwright was just installed or updated.       ║
║ Please run the following command to download new browsers: ║
║                                                            ║
║     npx playwright install                                 ║
║                                                            ║
║ <3 Playwright Team                                         ║
╚════════════════════════════════════════════════════════════╝
[2026. 5. 22. AM 12:05:02] [INFO] Playwright 브라우저 시작 중...
[2026. 5. 22. AM 12:05:02] [ERROR] ✗ 치명적 오류: browserType.launch: Executable doesn't exist at C:\WINDOWS\system32\config\systemprofile\AppData\Local\ms-playwright\chromium_headless_shell-1223\chrome-headless-shell-win64\chrome-headless-shell.exe
╔════════════════════════════════════════════════════════════╗
║ Looks like Playwright was just installed or updated.       ║
║ Please run the following command to download new browsers: ║
║                                                            ║
║     npx playwright install                                 ║
║                                                            ║
║ <3 Playwright Team                                         ║
╚════════════════════════════════════════════════════════════╝
[2026. 5. 22. AM 1:05:02] [INFO] Playwright 브라우저 시작 중...
[2026. 5. 22. AM 1:05:02] [ERROR] ✗ 치명적 오류: browserType.launch: Executable doesn't exist at C:\WINDOWS\system32\config\systemprofile\AppData\Local\ms-playwright\chromium_headless_shell-1223\chrome-headless-shell-win64\chrome-headless-shell.exe
╔════════════════════════════════════════════════════════════╗
║ Looks like Playwright was just installed or updated.       ║
║ Please run the following command to download new browsers: ║
║                                                            ║
║     npx playwright install                                 ║
║                                                            ║
║ <3 Playwright Team                                         ║
╚════════════════════════════════════════════════════════════╝
[2026. 5. 22. AM 2:05:02] [INFO] Playwright 브라우저 시작 중...
[2026. 5. 22. AM 2:05:02] [ERROR] ✗ 치명적 오류: browserType.launch: Executable doesn't exist at C:\WINDOWS\system32\config\systemprofile\AppData\Local\ms-playwright\chromium_headless_shell-1223\chrome-headless-shell-win64\chrome-headless-shell.exe
╔════════════════════════════════════════════════════════════╗
║ Looks like Playwright was just installed or updated.       ║
║ Please run the following command to download new browsers: ║
║                                                            ║
║     npx playwright install                                 ║
║                                                            ║
║ <3 Playwright Team                                         ║
╚════════════════════════════════════════════════════════════╝
[2026. 5. 22. AM 3:05:02] [INFO] Playwright 브라우저 시작 중...
[2026. 5. 22. AM 3:05:02] [ERROR] ✗ 치명적 오류: browserType.launch: Executable doesn't exist at C:\WINDOWS\system32\config\systemprofile\AppData\Local\ms-playwright\chromium_headless_shell-1223\chrome-headless-shell-win64\chrome-headless-shell.exe
╔════════════════════════════════════════════════════════════╗
║ Looks like Playwright was just installed or updated.       ║
║ Please run the following command to download new browsers: ║
║                                                            ║
║     npx playwright install                                 ║
║                                                            ║
║ <3 Playwright Team                                         ║
╚════════════════════════════════════════════════════════════╝
[2026. 5. 22. AM 4:29:22] [INFO] Playwright 브라우저 시작 중...
[2026. 5. 22. AM 4:29:22] [ERROR] ✗ 치명적 오류: browserType.launch: Executable doesn't exist at C:\WINDOWS\system32\config\systemprofile\AppData\Local\ms-playwright\chromium_headless_shell-1223\chrome-headless-shell-win64\chrome-headless-shell.exe
╔════════════════════════════════════════════════════════════╗
║ Looks like Playwright was just installed or updated.       ║
║ Please run the following command to download new browsers: ║
║                                                            ║
║     npx playwright install                                 ║
║                                                            ║
║ <3 Playwright Team                                         ║
╚════════════════════════════════════════════════════════════╝
[2026. 5. 22. AM 5:05:01] [INFO] Playwright 브라우저 시작 중...
[2026. 5. 22. AM 5:05:01] [ERROR] ✗ 치명적 오류: browserType.launch: Executable doesn't exist at C:\WINDOWS\system32\config\systemprofile\AppData\Local\ms-playwright\chromium_headless_shell-1223\chrome-headless-shell-win64\chrome-headless-shell.exe
╔════════════════════════════════════════════════════════════╗
║ Looks like Playwright was just installed or updated.       ║
║ Please run the following command to download new browsers: ║
║                                                            ║
║     npx playwright install                                 ║
║                                                            ║
║ <3 Playwright Team                                         ║
╚════════════════════════════════════════════════════════════╝
[2026. 5. 22. AM 6:05:01] [INFO] Playwright 브라우저 시작 중...
[2026. 5. 22. AM 6:05:01] [ERROR] ✗ 치명적 오류: browserType.launch: Executable doesn't exist at C:\WINDOWS\system32\config\systemprofile\AppData\Local\ms-playwright\chromium_headless_shell-1223\chrome-headless-shell-win64\chrome-headless-shell.exe
╔════════════════════════════════════════════════════════════╗
║ Looks like Playwright was just installed or updated.       ║
║ Please run the following command to download new browsers: ║
║                                                            ║
║     npx playwright install                                 ║
║                                                            ║
║ <3 Playwright Team                                         ║
╚════════════════════════════════════════════════════════════╝
[2026. 5. 22. AM 7:05:01] [INFO] Playwright 브라우저 시작 중...
[2026. 5. 22. AM 7:05:01] [ERROR] ✗ 치명적 오류: browserType.launch: Executable doesn't exist at C:\WINDOWS\system32\config\systemprofile\AppData\Local\ms-playwright\chromium_headless_shell-1223\chrome-headless-shell-win64\chrome-headless-shell.exe
╔════════════════════════════════════════════════════════════╗
║ Looks like Playwright was just installed or updated.       ║
║ Please run the following command to download new browsers: ║
║                                                            ║
║     npx playwright install                                 ║
║                                                            ║
║ <3 Playwright Team                                         ║
╚════════════════════════════════════════════════════════════╝
[2026. 5. 22. AM 8:05:01] [INFO] Playwright 브라우저 시작 중...
[2026. 5. 22. AM 8:05:01] [ERROR] ✗ 치명적 오류: browserType.launch: Executable doesn't exist at C:\WINDOWS\system32\config\systemprofile\AppData\Local\ms-playwright\chromium_headless_shell-1223\chrome-headless-shell-win64\chrome-headless-shell.exe
╔════════════════════════════════════════════════════════════╗
║ Looks like Playwright was just installed or updated.       ║
║ Please run the following command to download new browsers: ║
║                                                            ║
║     npx playwright install                                 ║
║                                                            ║
║ <3 Playwright Team                                         ║
╚════════════════════════════════════════════════════════════╝
[2026. 5. 22. AM 9:05:01] [INFO] Playwright 브라우저 시작 중...
[2026. 5. 22. AM 9:05:01] [ERROR] ✗ 치명적 오류: browserType.launch: Executable doesn't exist at C:\WINDOWS\system32\config\systemprofile\AppData\Local\ms-playwright\chromium_headless_shell-1223\chrome-headless-shell-win64\chrome-headless-shell.exe
╔════════════════════════════════════════════════════════════╗
║ Looks like Playwright was just installed or updated.       ║
║ Please run the following command to download new browsers: ║
║                                                            ║
║     npx playwright install                                 ║
║                                                            ║
║ <3 Playwright Team                                         ║
╚════════════════════════════════════════════════════════════╝
[2026. 5. 22. AM 10:05:01] [INFO] Playwright 브라우저 시작 중...
[2026. 5. 22. AM 10:05:01] [ERROR] ✗ 치명적 오류: browserType.launch: Executable doesn't exist at C:\WINDOWS\system32\config\systemprofile\AppData\Local\ms-playwright\chromium_headless_shell-1223\chrome-headless-shell-win64\chrome-headless-shell.exe
╔════════════════════════════════════════════════════════════╗
║ Looks like Playwright was just installed or updated.       ║
║ Please run the following command to download new browsers: ║
║                                                            ║
║     npx playwright install                                 ║
║                                                            ║
║ <3 Playwright Team                                         ║
╚════════════════════════════════════════════════════════════╝
[2026. 5. 22. AM 11:15:36] [INFO] Playwright 브라우저 시작 중...
[2026. 5. 22. AM 11:15:36] [ERROR] ✗ 치명적 오류: browserType.launch: Executable doesn't exist at C:\WINDOWS\system32\config\systemprofile\AppData\Local\ms-playwright\chromium_headless_shell-1223\chrome-headless-shell-win64\chrome-headless-shell.exe
╔════════════════════════════════════════════════════════════╗
║ Looks like Playwright was just installed or updated.       ║
║ Please run the following command to download new browsers: ║
║                                                            ║
║     npx playwright install                                 ║
║                                                            ║
║ <3 Playwright Team                                         ║
╚════════════════════════════════════════════════════════════╝
[2026. 5. 22. PM 3:03:54] [INFO] Playwright 브라우저 시작 중...
[2026. 5. 22. PM 3:03:54] [ERROR] ✗ 치명적 오류: browserType.launch: Executable doesn't exist at C:\WINDOWS\system32\config\systemprofile\AppData\Local\ms-playwright\chromium_headless_shell-1223\chrome-headless-shell-win64\chrome-headless-shell.exe
╔════════════════════════════════════════════════════════════╗
║ Looks like Playwright was just installed or updated.       ║
║ Please run the following command to download new browsers: ║
║                                                            ║
║     npx playwright install                                 ║
║                                                            ║
║ <3 Playwright Team                                         ║
╚════════════════════════════════════════════════════════════╝
[2026. 5. 22. PM 5:04:12] [INFO] Playwright 브라우저 시작 중...
[2026. 5. 22. PM 5:04:12] [ERROR] ✗ 치명적 오류: browserType.launch: Executable doesn't exist at C:\WINDOWS\system32\config\systemprofile\AppData\Local\ms-playwright\chromium_headless_shell-1223\chrome-headless-shell-win64\chrome-headless-shell.exe
╔════════════════════════════════════════════════════════════╗
║ Looks like Playwright was just installed or updated.       ║
║ Please run the following command to download new browsers: ║
║                                                            ║
║     npx playwright install                                 ║
║                                                            ║
║ <3 Playwright Team                                         ║
╚════════════════════════════════════════════════════════════╝
[2026. 5. 22. PM 5:05:01] [INFO] Playwright 브라우저 시작 중...
[2026. 5. 22. PM 5:05:01] [ERROR] ✗ 치명적 오류: browserType.launch: Executable doesn't exist at C:\WINDOWS\system32\config\systemprofile\AppData\Local\ms-playwright\chromium_headless_shell-1223\chrome-headless-shell-win64\chrome-headless-shell.exe
╔════════════════════════════════════════════════════════════╗
║ Looks like Playwright was just installed or updated.       ║
║ Please run the following command to download new browsers: ║
║                                                            ║
║     npx playwright install                                 ║
║                                                            ║
║ <3 Playwright Team                                         ║
╚════════════════════════════════════════════════════════════╝
[2026. 5. 22. PM 7:02:28] [INFO] Playwright 브라우저 시작 중...
[2026. 5. 22. PM 7:02:28] [ERROR] ✗ 치명적 오류: browserType.launch: Executable doesn't exist at C:\WINDOWS\system32\config\systemprofile\AppData\Local\ms-playwright\chromium_headless_shell-1223\chrome-headless-shell-win64\chrome-headless-shell.exe
╔════════════════════════════════════════════════════════════╗
║ Looks like Playwright was just installed or updated.       ║
║ Please run the following command to download new browsers: ║
║                                                            ║
║     npx playwright install                                 ║
║                                                            ║
║ <3 Playwright Team                                         ║
╚════════════════════════════════════════════════════════════╝
[2026. 5. 22. PM 7:05:01] [INFO] Playwright 브라우저 시작 중...
[2026. 5. 22. PM 7:05:01] [ERROR] ✗ 치명적 오류: browserType.launch: Executable doesn't exist at C:\WINDOWS\system32\config\systemprofile\AppData\Local\ms-playwright\chromium_headless_shell-1223\chrome-headless-shell-win64\chrome-headless-shell.exe
╔════════════════════════════════════════════════════════════╗
║ Looks like Playwright was just installed or updated.       ║
║ Please run the following command to download new browsers: ║
║                                                            ║
║     npx playwright install                                 ║
║                                                            ║
║ <3 Playwright Team                                         ║
╚════════════════════════════════════════════════════════════╝
[2026. 5. 22. PM 8:05:01] [INFO] Playwright 브라우저 시작 중...
[2026. 5. 22. PM 8:05:01] [ERROR] ✗ 치명적 오류: browserType.launch: Executable doesn't exist at C:\WINDOWS\system32\config\systemprofile\AppData\Local\ms-playwright\chromium_headless_shell-1223\chrome-headless-shell-win64\chrome-headless-shell.exe
╔════════════════════════════════════════════════════════════╗
║ Looks like Playwright was just installed or updated.       ║
║ Please run the following command to download new browsers: ║
║                                                            ║
║     npx playwright install                                 ║
║                                                            ║
║ <3 Playwright Team                                         ║
╚════════════════════════════════════════════════════════════╝
[2026. 5. 22. PM 9:05:01] [INFO] Playwright 브라우저 시작 중...
[2026. 5. 22. PM 9:05:01] [ERROR] ✗ 치명적 오류: browserType.launch: Executable doesn't exist at C:\WINDOWS\system32\config\systemprofile\AppData\Local\ms-playwright\chromium_headless_shell-1223\chrome-headless-shell-win64\chrome-headless-shell.exe
╔════════════════════════════════════════════════════════════╗
║ Looks like Playwright was just installed or updated.       ║
║ Please run the following command to download new browsers: ║
║                                                            ║
║     npx playwright install                                 ║
║                                                            ║
║ <3 Playwright Team                                         ║
╚════════════════════════════════════════════════════════════╝
[2026. 5. 23. AM 3:00:09] [INFO] Playwright 브라우저 시작 중...
[2026. 5. 23. AM 3:00:09] [ERROR] ✗ 치명적 오류: browserType.launch: Executable doesn't exist at C:\WINDOWS\system32\config\systemprofile\AppData\Local\ms-playwright\chromium_headless_shell-1223\chrome-headless-shell-win64\chrome-headless-shell.exe
╔════════════════════════════════════════════════════════════╗
║ Looks like Playwright was just installed or updated.       ║
║ Please run the following command to download new browsers: ║
║                                                            ║
║     npx playwright install                                 ║
║                                                            ║
║ <3 Playwright Team                                         ║
╚════════════════════════════════════════════════════════════╝
[2026. 5. 23. AM 4:14:32] [INFO] Playwright 브라우저 시작 중...
[2026. 5. 23. AM 4:14:32] [ERROR] ✗ 치명적 오류: browserType.launch: Executable doesn't exist at C:\WINDOWS\system32\config\systemprofile\AppData\Local\ms-playwright\chromium_headless_shell-1223\chrome-headless-shell-win64\chrome-headless-shell.exe
╔════════════════════════════════════════════════════════════╗
║ Looks like Playwright was just installed or updated.       ║
║ Please run the following command to download new browsers: ║
║                                                            ║
║     npx playwright install                                 ║
║                                                            ║
║ <3 Playwright Team                                         ║
╚════════════════════════════════════════════════════════════╝
[2026. 5. 23. PM 6:56:02] [INFO] Playwright 브라우저 시작 중...
[2026. 5. 23. PM 6:56:02] [ERROR] ✗ 치명적 오류: browserType.launch: Executable doesn't exist at C:\WINDOWS\system32\config\systemprofile\AppData\Local\ms-playwright\chromium_headless_shell-1223\chrome-headless-shell-win64\chrome-headless-shell.exe
╔════════════════════════════════════════════════════════════╗
║ Looks like Playwright was just installed or updated.       ║
║ Please run the following command to download new browsers: ║
║                                                            ║
║     npx playwright install                                 ║
║                                                            ║
║ <3 Playwright Team                                         ║
╚════════════════════════════════════════════════════════════╝
[2026. 5. 23. PM 7:05:01] [INFO] Playwright 브라우저 시작 중...
[2026. 5. 23. PM 7:05:01] [ERROR] ✗ 치명적 오류: browserType.launch: Executable doesn't exist at C:\WINDOWS\system32\config\systemprofile\AppData\Local\ms-playwright\chromium_headless_shell-1223\chrome-headless-shell-win64\chrome-headless-shell.exe
╔════════════════════════════════════════════════════════════╗
║ Looks like Playwright was just installed or updated.       ║
║ Please run the following command to download new browsers: ║
║                                                            ║
║     npx playwright install                                 ║
║                                                            ║
║ <3 Playwright Team                                         ║
╚════════════════════════════════════════════════════════════╝
[2026. 5. 23. PM 8:05:01] [INFO] Playwright 브라우저 시작 중...
[2026. 5. 23. PM 8:05:01] [ERROR] ✗ 치명적 오류: browserType.launch: Executable doesn't exist at C:\WINDOWS\system32\config\systemprofile\AppData\Local\ms-playwright\chromium_headless_shell-1223\chrome-headless-shell-win64\chrome-headless-shell.exe
╔════════════════════════════════════════════════════════════╗
║ Looks like Playwright was just installed or updated.       ║
║ Please run the following command to download new browsers: ║
║                                                            ║
║     npx playwright install                                 ║
║                                                            ║
║ <3 Playwright Team                                         ║
╚════════════════════════════════════════════════════════════╝
[2026. 5. 23. PM 11:07:37] [INFO] Playwright 브라우저 시작 중...
[2026. 5. 23. PM 11:07:37] [ERROR] ✗ 치명적 오류: browserType.launch: Executable doesn't exist at C:\WINDOWS\system32\config\systemprofile\AppData\Local\ms-playwright\chromium_headless_shell-1223\chrome-headless-shell-win64\chrome-headless-shell.exe
╔════════════════════════════════════════════════════════════╗
║ Looks like Playwright was just installed or updated.       ║
║ Please run the following command to download new browsers: ║
║                                                            ║
║     npx playwright install                                 ║
║                                                            ║
║ <3 Playwright Team                                         ║
╚════════════════════════════════════════════════════════════╝
[2026. 5. 24. AM 12:05:01] [INFO] Playwright 브라우저 시작 중...
[2026. 5. 24. AM 12:05:01] [ERROR] ✗ 치명적 오류: browserType.launch: Executable doesn't exist at C:\WINDOWS\system32\config\systemprofile\AppData\Local\ms-playwright\chromium_headless_shell-1223\chrome-headless-shell-win64\chrome-headless-shell.exe
╔════════════════════════════════════════════════════════════╗
║ Looks like Playwright was just installed or updated.       ║
║ Please run the following command to download new browsers: ║
║                                                            ║
║     npx playwright install                                 ║
║                                                            ║
║ <3 Playwright Team                                         ║
╚════════════════════════════════════════════════════════════╝
[2026. 5. 24. AM 1:05:01] [INFO] Playwright 브라우저 시작 중...
[2026. 5. 24. AM 1:05:01] [ERROR] ✗ 치명적 오류: browserType.launch: Executable doesn't exist at C:\WINDOWS\system32\config\systemprofile\AppData\Local\ms-playwright\chromium_headless_shell-1223\chrome-headless-shell-win64\chrome-headless-shell.exe
╔════════════════════════════════════════════════════════════╗
║ Looks like Playwright was just installed or updated.       ║
║ Please run the following command to download new browsers: ║
║                                                            ║
║     npx playwright install                                 ║
║                                                            ║
║ <3 Playwright Team                                         ║
╚════════════════════════════════════════════════════════════╝
[2026. 5. 24. AM 11:03:31] [INFO] Playwright 브라우저 시작 중...
[2026. 5. 24. AM 11:03:31] [ERROR] ✗ 치명적 오류: browserType.launch: Executable doesn't exist at C:\WINDOWS\system32\config\systemprofile\AppData\Local\ms-playwright\chromium_headless_shell-1223\chrome-headless-shell-win64\chrome-headless-shell.exe
╔════════════════════════════════════════════════════════════╗
║ Looks like Playwright was just installed or updated.       ║
║ Please run the following command to download new browsers: ║
║                                                            ║
║     npx playwright install                                 ║
║                                                            ║
║ <3 Playwright Team                                         ║
╚════════════════════════════════════════════════════════════╝
[2026. 5. 24. PM 1:24:57] [INFO] Playwright 브라우저 시작 중...
[2026. 5. 24. PM 1:24:57] [ERROR] ✗ 치명적 오류: browserType.launch: Executable doesn't exist at C:\WINDOWS\system32\config\systemprofile\AppData\Local\ms-playwright\chromium_headless_shell-1223\chrome-headless-shell-win64\chrome-headless-shell.exe
╔════════════════════════════════════════════════════════════╗
║ Looks like Playwright was just installed or updated.       ║
║ Please run the following command to download new browsers: ║
║                                                            ║
║     npx playwright install                                 ║
║                                                            ║
║ <3 Playwright Team                                         ║
╚════════════════════════════════════════════════════════════╝
[2026. 5. 24. PM 2:05:01] [INFO] Playwright 브라우저 시작 중...
[2026. 5. 24. PM 2:05:01] [ERROR] ✗ 치명적 오류: browserType.launch: Executable doesn't exist at C:\WINDOWS\system32\config\systemprofile\AppData\Local\ms-playwright\chromium_headless_shell-1223\chrome-headless-shell-win64\chrome-headless-shell.exe
╔════════════════════════════════════════════════════════════╗
║ Looks like Playwright was just installed or updated.       ║
║ Please run the following command to download new browsers: ║
║                                                            ║
║     npx playwright install                                 ║
║                                                            ║
║ <3 Playwright Team                                         ║
╚════════════════════════════════════════════════════════════╝
[2026. 5. 24. PM 3:05:01] [INFO] Playwright 브라우저 시작 중...
[2026. 5. 24. PM 3:05:01] [ERROR] ✗ 치명적 오류: browserType.launch: Executable doesn't exist at C:\WINDOWS\system32\config\systemprofile\AppData\Local\ms-playwright\chromium_headless_shell-1223\chrome-headless-shell-win64\chrome-headless-shell.exe
╔════════════════════════════════════════════════════════════╗
║ Looks like Playwright was just installed or updated.       ║
║ Please run the following command to download new browsers: ║
║                                                            ║
║     npx playwright install                                 ║
║                                                            ║
║ <3 Playwright Team                                         ║
╚════════════════════════════════════════════════════════════╝
[2026. 5. 24. PM 4:05:01] [INFO] Playwright 브라우저 시작 중...
[2026. 5. 24. PM 4:05:01] [ERROR] ✗ 치명적 오류: browserType.launch: Executable doesn't exist at C:\WINDOWS\system32\config\systemprofile\AppData\Local\ms-playwright\chromium_headless_shell-1223\chrome-headless-shell-win64\chrome-headless-shell.exe
╔════════════════════════════════════════════════════════════╗
║ Looks like Playwright was just installed or updated.       ║
║ Please run the following command to download new browsers: ║
║                                                            ║
║     npx playwright install                                 ║
║                                                            ║
║ <3 Playwright Team                                         ║
╚════════════════════════════════════════════════════════════╝
[2026. 5. 24. PM 5:05:01] [INFO] Playwright 브라우저 시작 중...
[2026. 5. 24. PM 5:05:01] [ERROR] ✗ 치명적 오류: browserType.launch: Executable doesn't exist at C:\WINDOWS\system32\config\systemprofile\AppData\Local\ms-playwright\chromium_headless_shell-1223\chrome-headless-shell-win64\chrome-headless-shell.exe
╔════════════════════════════════════════════════════════════╗
║ Looks like Playwright was just installed or updated.       ║
║ Please run the following command to download new browsers: ║
║                                                            ║
║     npx playwright install                                 ║
║                                                            ║
║ <3 Playwright Team                                         ║
╚════════════════════════════════════════════════════════════╝
[2026. 5. 24. PM 10:16:23] [INFO] Playwright 브라우저 시작 중...
[2026. 5. 24. PM 10:16:24] [ERROR] ✗ 치명적 오류: browserType.launch: Executable doesn't exist at C:\WINDOWS\system32\config\systemprofile\AppData\Local\ms-playwright\chromium_headless_shell-1223\chrome-headless-shell-win64\chrome-headless-shell.exe
╔════════════════════════════════════════════════════════════╗
║ Looks like Playwright was just installed or updated.       ║
║ Please run the following command to download new browsers: ║
║                                                            ║
║     npx playwright install                                 ║
║                                                            ║
║ <3 Playwright Team                                         ║
╚════════════════════════════════════════════════════════════╝
[2026. 5. 24. PM 11:05:01] [INFO] Playwright 브라우저 시작 중...
[2026. 5. 24. PM 11:05:01] [ERROR] ✗ 치명적 오류: browserType.launch: Executable doesn't exist at C:\WINDOWS\system32\config\systemprofile\AppData\Local\ms-playwright\chromium_headless_shell-1223\chrome-headless-shell-win64\chrome-headless-shell.exe
╔════════════════════════════════════════════════════════════╗
║ Looks like Playwright was just installed or updated.       ║
║ Please run the following command to download new browsers: ║
║                                                            ║
║     npx playwright install                                 ║
║                                                            ║
║ <3 Playwright Team                                         ║
╚════════════════════════════════════════════════════════════╝
[2026. 5. 25. AM 12:05:01] [INFO] Playwright 브라우저 시작 중...
[2026. 5. 25. AM 12:05:01] [ERROR] ✗ 치명적 오류: browserType.launch: Executable doesn't exist at C:\WINDOWS\system32\config\systemprofile\AppData\Local\ms-playwright\chromium_headless_shell-1223\chrome-headless-shell-win64\chrome-headless-shell.exe
╔════════════════════════════════════════════════════════════╗
║ Looks like Playwright was just installed or updated.       ║
║ Please run the following command to download new browsers: ║
║                                                            ║
║     npx playwright install                                 ║
║                                                            ║
║ <3 Playwright Team                                         ║
╚════════════════════════════════════════════════════════════╝
[2026. 5. 25. AM 1:05:01] [INFO] Playwright 브라우저 시작 중...
[2026. 5. 25. AM 1:05:01] [ERROR] ✗ 치명적 오류: browserType.launch: Executable doesn't exist at C:\WINDOWS\system32\config\systemprofile\AppData\Local\ms-playwright\chromium_headless_shell-1223\chrome-headless-shell-win64\chrome-headless-shell.exe
╔════════════════════════════════════════════════════════════╗
║ Looks like Playwright was just installed or updated.       ║
║ Please run the following command to download new browsers: ║
║                                                            ║
║     npx playwright install                                 ║
║                                                            ║
║ <3 Playwright Team                                         ║
╚════════════════════════════════════════════════════════════╝
[2026. 5. 25. AM 3:00:08] [INFO] Playwright 브라우저 시작 중...
[2026. 5. 25. AM 3:00:08] [ERROR] ✗ 치명적 오류: browserType.launch: Executable doesn't exist at C:\WINDOWS\system32\config\systemprofile\AppData\Local\ms-playwright\chromium_headless_shell-1223\chrome-headless-shell-win64\chrome-headless-shell.exe
╔════════════════════════════════════════════════════════════╗
║ Looks like Playwright was just installed or updated.       ║
║ Please run the following command to download new browsers: ║
║                                                            ║
║     npx playwright install                                 ║
║                                                            ║
║ <3 Playwright Team                                         ║
╚════════════════════════════════════════════════════════════╝
[2026. 5. 25. AM 11:09:54] [INFO] Playwright 브라우저 시작 중...
[2026. 5. 25. AM 11:09:54] [ERROR] ✗ 치명적 오류: browserType.launch: Executable doesn't exist at C:\WINDOWS\system32\config\systemprofile\AppData\Local\ms-playwright\chromium_headless_shell-1223\chrome-headless-shell-win64\chrome-headless-shell.exe
╔════════════════════════════════════════════════════════════╗
║ Looks like Playwright was just installed or updated.       ║
║ Please run the following command to download new browsers: ║
║                                                            ║
║     npx playwright install                                 ║
║                                                            ║
║ <3 Playwright Team                                         ║
╚════════════════════════════════════════════════════════════╝
[2026. 5. 25. PM 1:51:55] [INFO] Playwright 브라우저 시작 중...
[2026. 5. 25. PM 1:51:55] [ERROR] ✗ 치명적 오류: browserType.launch: Executable doesn't exist at C:\WINDOWS\system32\config\systemprofile\AppData\Local\ms-playwright\chromium_headless_shell-1223\chrome-headless-shell-win64\chrome-headless-shell.exe
╔════════════════════════════════════════════════════════════╗
║ Looks like Playwright was just installed or updated.       ║
║ Please run the following command to download new browsers: ║
║                                                            ║
║     npx playwright install                                 ║
║                                                            ║
║ <3 Playwright Team                                         ║
╚════════════════════════════════════════════════════════════╝
[2026. 5. 25. PM 2:05:01] [INFO] Playwright 브라우저 시작 중...
[2026. 5. 25. PM 2:05:01] [ERROR] ✗ 치명적 오류: browserType.launch: Executable doesn't exist at C:\WINDOWS\system32\config\systemprofile\AppData\Local\ms-playwright\chromium_headless_shell-1223\chrome-headless-shell-win64\chrome-headless-shell.exe
╔════════════════════════════════════════════════════════════╗
║ Looks like Playwright was just installed or updated.       ║
║ Please run the following command to download new browsers: ║
║                                                            ║
║     npx playwright install                                 ║
║                                                            ║
║ <3 Playwright Team                                         ║
╚════════════════════════════════════════════════════════════╝
[2026. 5. 25. PM 3:05:01] [INFO] Playwright 브라우저 시작 중...
[2026. 5. 25. PM 3:05:02] [ERROR] ✗ 치명적 오류: browserType.launch: Executable doesn't exist at C:\WINDOWS\system32\config\systemprofile\AppData\Local\ms-playwright\chromium_headless_shell-1223\chrome-headless-shell-win64\chrome-headless-shell.exe
╔════════════════════════════════════════════════════════════╗
║ Looks like Playwright was just installed or updated.       ║
║ Please run the following command to download new browsers: ║
║                                                            ║
║     npx playwright install                                 ║
║                                                            ║
║ <3 Playwright Team                                         ║
╚════════════════════════════════════════════════════════════╝
[2026. 5. 25. PM 4:05:01] [INFO] Playwright 브라우저 시작 중...
[2026. 5. 25. PM 4:05:01] [ERROR] ✗ 치명적 오류: browserType.launch: Executable doesn't exist at C:\WINDOWS\system32\config\systemprofile\AppData\Local\ms-playwright\chromium_headless_shell-1223\chrome-headless-shell-win64\chrome-headless-shell.exe
╔════════════════════════════════════════════════════════════╗
║ Looks like Playwright was just installed or updated.       ║
║ Please run the following command to download new browsers: ║
║                                                            ║
║     npx playwright install                                 ║
║                                                            ║
║ <3 Playwright Team                                         ║
╚════════════════════════════════════════════════════════════╝
[2026. 5. 25. PM 5:05:01] [INFO] Playwright 브라우저 시작 중...
[2026. 5. 25. PM 5:05:01] [ERROR] ✗ 치명적 오류: browserType.launch: Executable doesn't exist at C:\WINDOWS\system32\config\systemprofile\AppData\Local\ms-playwright\chromium_headless_shell-1223\chrome-headless-shell-win64\chrome-headless-shell.exe
╔════════════════════════════════════════════════════════════╗
║ Looks like Playwright was just installed or updated.       ║
║ Please run the following command to download new browsers: ║
║                                                            ║
║     npx playwright install                                 ║
║                                                            ║
║ <3 Playwright Team                                         ║
╚════════════════════════════════════════════════════════════╝
[2026. 5. 25. PM 8:20:41] [INFO] Playwright 브라우저 시작 중...
[2026. 5. 25. PM 8:20:41] [ERROR] ✗ 치명적 오류: browserType.launch: Executable doesn't exist at C:\WINDOWS\system32\config\systemprofile\AppData\Local\ms-playwright\chromium_headless_shell-1223\chrome-headless-shell-win64\chrome-headless-shell.exe
╔════════════════════════════════════════════════════════════╗
║ Looks like Playwright was just installed or updated.       ║
║ Please run the following command to download new browsers: ║
║                                                            ║
║     npx playwright install                                 ║
║                                                            ║
║ <3 Playwright Team                                         ║
╚════════════════════════════════════════════════════════════╝
[2026. 5. 25. PM 9:05:01] [INFO] Playwright 브라우저 시작 중...
[2026. 5. 25. PM 9:05:01] [ERROR] ✗ 치명적 오류: browserType.launch: Executable doesn't exist at C:\WINDOWS\system32\config\systemprofile\AppData\Local\ms-playwright\chromium_headless_shell-1223\chrome-headless-shell-win64\chrome-headless-shell.exe
╔════════════════════════════════════════════════════════════╗
║ Looks like Playwright was just installed or updated.       ║
║ Please run the following command to download new browsers: ║
║                                                            ║
║     npx playwright install                                 ║
║                                                            ║
║ <3 Playwright Team                                         ║
╚════════════════════════════════════════════════════════════╝
[2026. 5. 25. PM 10:05:01] [INFO] Playwright 브라우저 시작 중...
[2026. 5. 25. PM 10:05:01] [ERROR] ✗ 치명적 오류: browserType.launch: Executable doesn't exist at C:\WINDOWS\system32\config\systemprofile\AppData\Local\ms-playwright\chromium_headless_shell-1223\chrome-headless-shell-win64\chrome-headless-shell.exe
╔════════════════════════════════════════════════════════════╗
║ Looks like Playwright was just installed or updated.       ║
║ Please run the following command to download new browsers: ║
║                                                            ║
║     npx playwright install                                 ║
║                                                            ║
║ <3 Playwright Team                                         ║
╚════════════════════════════════════════════════════════════╝
[2026. 5. 25. PM 11:05:01] [INFO] Playwright 브라우저 시작 중...
[2026. 5. 25. PM 11:05:01] [ERROR] ✗ 치명적 오류: browserType.launch: Executable doesn't exist at C:\WINDOWS\system32\config\systemprofile\AppData\Local\ms-playwright\chromium_headless_shell-1223\chrome-headless-shell-win64\chrome-headless-shell.exe
╔════════════════════════════════════════════════════════════╗
║ Looks like Playwright was just installed or updated.       ║
║ Please run the following command to download new browsers: ║
║                                                            ║
║     npx playwright install                                 ║
║                                                            ║
║ <3 Playwright Team                                         ║
╚════════════════════════════════════════════════════════════╝
[2026. 5. 26. AM 2:50:53] [INFO] Playwright 브라우저 시작 중...
[2026. 5. 26. AM 2:50:53] [ERROR] ✗ 치명적 오류: browserType.launch: Executable doesn't exist at C:\WINDOWS\system32\config\systemprofile\AppData\Local\ms-playwright\chromium_headless_shell-1223\chrome-headless-shell-win64\chrome-headless-shell.exe
╔════════════════════════════════════════════════════════════╗
║ Looks like Playwright was just installed or updated.       ║
║ Please run the following command to download new browsers: ║
║                                                            ║
║     npx playwright install                                 ║
║                                                            ║
║ <3 Playwright Team                                         ║
╚════════════════════════════════════════════════════════════╝
[2026. 5. 26. AM 3:05:02] [INFO] Playwright 브라우저 시작 중...
[2026. 5. 26. AM 3:05:02] [ERROR] ✗ 치명적 오류: browserType.launch: Executable doesn't exist at C:\WINDOWS\system32\config\systemprofile\AppData\Local\ms-playwright\chromium_headless_shell-1223\chrome-headless-shell-win64\chrome-headless-shell.exe
╔════════════════════════════════════════════════════════════╗
║ Looks like Playwright was just installed or updated.       ║
║ Please run the following command to download new browsers: ║
║                                                            ║
║     npx playwright install                                 ║
║                                                            ║
║ <3 Playwright Team                                         ║
╚════════════════════════════════════════════════════════════╝
[2026. 5. 26. AM 4:05:02] [INFO] Playwright 브라우저 시작 중...
[2026. 5. 26. AM 4:05:02] [ERROR] ✗ 치명적 오류: browserType.launch: Executable doesn't exist at C:\WINDOWS\system32\config\systemprofile\AppData\Local\ms-playwright\chromium_headless_shell-1223\chrome-headless-shell-win64\chrome-headless-shell.exe
╔════════════════════════════════════════════════════════════╗
║ Looks like Playwright was just installed or updated.       ║
║ Please run the following command to download new browsers: ║
║                                                            ║
║     npx playwright install                                 ║
║                                                            ║
║ <3 Playwright Team                                         ║
╚════════════════════════════════════════════════════════════╝
[2026. 5. 26. PM 6:05:01] [INFO] Playwright 브라우저 시작 중...
[2026. 5. 26. PM 6:05:01] [ERROR] ✗ 치명적 오류: browserType.launch: Executable doesn't exist at C:\WINDOWS\system32\config\systemprofile\AppData\Local\ms-playwright\chromium_headless_shell-1223\chrome-headless-shell-win64\chrome-headless-shell.exe
╔════════════════════════════════════════════════════════════╗
║ Looks like Playwright was just installed or updated.       ║
║ Please run the following command to download new browsers: ║
║                                                            ║
║     npx playwright install                                 ║
║                                                            ║
║ <3 Playwright Team                                         ║
╚════════════════════════════════════════════════════════════╝
[2026. 5. 26. PM 7:05:01] [INFO] Playwright 브라우저 시작 중...
[2026. 5. 26. PM 7:05:01] [ERROR] ✗ 치명적 오류: browserType.launch: Executable doesn't exist at C:\WINDOWS\system32\config\systemprofile\AppData\Local\ms-playwright\chromium_headless_shell-1223\chrome-headless-shell-win64\chrome-headless-shell.exe
╔════════════════════════════════════════════════════════════╗
║ Looks like Playwright was just installed or updated.       ║
║ Please run the following command to download new browsers: ║
║                                                            ║
║     npx playwright install                                 ║
║                                                            ║
║ <3 Playwright Team                                         ║
╚════════════════════════════════════════════════════════════╝
[2026. 5. 26. PM 8:05:01] [INFO] Playwright 브라우저 시작 중...
[2026. 5. 26. PM 8:05:01] [ERROR] ✗ 치명적 오류: browserType.launch: Executable doesn't exist at C:\WINDOWS\system32\config\systemprofile\AppData\Local\ms-playwright\chromium_headless_shell-1223\chrome-headless-shell-win64\chrome-headless-shell.exe
╔════════════════════════════════════════════════════════════╗
║ Looks like Playwright was just installed or updated.       ║
║ Please run the following command to download new browsers: ║
║                                                            ║
║     npx playwright install                                 ║
║                                                            ║
║ <3 Playwright Team                                         ║
╚════════════════════════════════════════════════════════════╝
[2026. 5. 27. AM 4:08:33] [INFO] Playwright 브라우저 시작 중...
[2026. 5. 27. AM 4:08:33] [ERROR] ✗ 치명적 오류: browserType.launch: Executable doesn't exist at C:\WINDOWS\system32\config\systemprofile\AppData\Local\ms-playwright\chromium_headless_shell-1223\chrome-headless-shell-win64\chrome-headless-shell.exe
╔════════════════════════════════════════════════════════════╗
║ Looks like Playwright was just installed or updated.       ║
║ Please run the following command to download new browsers: ║
║                                                            ║
║     npx playwright install                                 ║
║                                                            ║
║ <3 Playwright Team                                         ║
╚════════════════════════════════════════════════════════════╝
[2026. 5. 27. AM 5:05:01] [INFO] Playwright 브라우저 시작 중...
[2026. 5. 27. AM 5:05:01] [ERROR] ✗ 치명적 오류: browserType.launch: Executable doesn't exist at C:\WINDOWS\system32\config\systemprofile\AppData\Local\ms-playwright\chromium_headless_shell-1223\chrome-headless-shell-win64\chrome-headless-shell.exe
╔════════════════════════════════════════════════════════════╗
║ Looks like Playwright was just installed or updated.       ║
║ Please run the following command to download new browsers: ║
║                                                            ║
║     npx playwright install                                 ║
║                                                            ║
║ <3 Playwright Team                                         ║
╚════════════════════════════════════════════════════════════╝
[2026. 5. 27. AM 6:05:01] [INFO] Playwright 브라우저 시작 중...
[2026. 5. 27. AM 6:05:01] [ERROR] ✗ 치명적 오류: browserType.launch: Executable doesn't exist at C:\WINDOWS\system32\config\systemprofile\AppData\Local\ms-playwright\chromium_headless_shell-1223\chrome-headless-shell-win64\chrome-headless-shell.exe
╔════════════════════════════════════════════════════════════╗
║ Looks like Playwright was just installed or updated.       ║
║ Please run the following command to download new browsers: ║
║                                                            ║
║     npx playwright install                                 ║
║                                                            ║
║ <3 Playwright Team                                         ║
╚════════════════════════════════════════════════════════════╝
[2026. 5. 27. AM 7:05:01] [INFO] Playwright 브라우저 시작 중...
[2026. 5. 27. AM 7:05:01] [ERROR] ✗ 치명적 오류: browserType.launch: Executable doesn't exist at C:\WINDOWS\system32\config\systemprofile\AppData\Local\ms-playwright\chromium_headless_shell-1223\chrome-headless-shell-win64\chrome-headless-shell.exe
╔════════════════════════════════════════════════════════════╗
║ Looks like Playwright was just installed or updated.       ║
║ Please run the following command to download new browsers: ║
║                                                            ║
║     npx playwright install                                 ║
║                                                            ║
║ <3 Playwright Team                                         ║
╚════════════════════════════════════════════════════════════╝
[2026. 5. 27. AM 8:05:01] [INFO] Playwright 브라우저 시작 중...
[2026. 5. 27. AM 8:05:01] [ERROR] ✗ 치명적 오류: browserType.launch: Executable doesn't exist at C:\WINDOWS\system32\config\systemprofile\AppData\Local\ms-playwright\chromium_headless_shell-1223\chrome-headless-shell-win64\chrome-headless-shell.exe
╔════════════════════════════════════════════════════════════╗
║ Looks like Playwright was just installed or updated.       ║
║ Please run the following command to download new browsers: ║
║                                                            ║
║     npx playwright install                                 ║
║                                                            ║
║ <3 Playwright Team                                         ║
╚════════════════════════════════════════════════════════════╝
[2026. 5. 27. AM 9:05:01] [INFO] Playwright 브라우저 시작 중...
[2026. 5. 27. AM 9:05:01] [ERROR] ✗ 치명적 오류: browserType.launch: Executable doesn't exist at C:\WINDOWS\system32\config\systemprofile\AppData\Local\ms-playwright\chromium_headless_shell-1223\chrome-headless-shell-win64\chrome-headless-shell.exe
╔════════════════════════════════════════════════════════════╗
║ Looks like Playwright was just installed or updated.       ║
║ Please run the following command to download new browsers: ║
║                                                            ║
║     npx playwright install                                 ║
║                                                            ║
║ <3 Playwright Team                                         ║
╚════════════════════════════════════════════════════════════╝
[2026. 5. 27. AM 10:05:01] [INFO] Playwright 브라우저 시작 중...
[2026. 5. 27. AM 10:05:01] [ERROR] ✗ 치명적 오류: browserType.launch: Executable doesn't exist at C:\WINDOWS\system32\config\systemprofile\AppData\Local\ms-playwright\chromium_headless_shell-1223\chrome-headless-shell-win64\chrome-headless-shell.exe
╔════════════════════════════════════════════════════════════╗
║ Looks like Playwright was just installed or updated.       ║
║ Please run the following command to download new browsers: ║
║                                                            ║
║     npx playwright install                                 ║
║                                                            ║
║ <3 Playwright Team                                         ║
╚════════════════════════════════════════════════════════════╝
[2026. 5. 27. AM 11:05:01] [INFO] Playwright 브라우저 시작 중...
[2026. 5. 27. AM 11:05:01] [ERROR] ✗ 치명적 오류: browserType.launch: Executable doesn't exist at C:\WINDOWS\system32\config\systemprofile\AppData\Local\ms-playwright\chromium_headless_shell-1223\chrome-headless-shell-win64\chrome-headless-shell.exe
╔════════════════════════════════════════════════════════════╗
║ Looks like Playwright was just installed or updated.       ║
║ Please run the following command to download new browsers: ║
║                                                            ║
║     npx playwright install                                 ║
║                                                            ║
║ <3 Playwright Team                                         ║
╚════════════════════════════════════════════════════════════╝
[2026. 5. 27. PM 12:05:01] [INFO] Playwright 브라우저 시작 중...
[2026. 5. 27. PM 12:05:01] [ERROR] ✗ 치명적 오류: browserType.launch: Executable doesn't exist at C:\WINDOWS\system32\config\systemprofile\AppData\Local\ms-playwright\chromium_headless_shell-1223\chrome-headless-shell-win64\chrome-headless-shell.exe
╔════════════════════════════════════════════════════════════╗
║ Looks like Playwright was just installed or updated.       ║
║ Please run the following command to download new browsers: ║
║                                                            ║
║     npx playwright install                                 ║
║                                                            ║
║ <3 Playwright Team                                         ║
╚════════════════════════════════════════════════════════════╝
[2026. 5. 27. PM 1:05:01] [INFO] Playwright 브라우저 시작 중...
[2026. 5. 27. PM 1:05:01] [ERROR] ✗ 치명적 오류: browserType.launch: Executable doesn't exist at C:\WINDOWS\system32\config\systemprofile\AppData\Local\ms-playwright\chromium_headless_shell-1223\chrome-headless-shell-win64\chrome-headless-shell.exe
╔════════════════════════════════════════════════════════════╗
║ Looks like Playwright was just installed or updated.       ║
║ Please run the following command to download new browsers: ║
║                                                            ║
║     npx playwright install                                 ║
║                                                            ║
║ <3 Playwright Team                                         ║
╚════════════════════════════════════════════════════════════╝
[2026. 5. 27. PM 2:05:02] [INFO] Playwright 브라우저 시작 중...
[2026. 5. 27. PM 2:05:02] [ERROR] ✗ 치명적 오류: browserType.launch: Executable doesn't exist at C:\WINDOWS\system32\config\systemprofile\AppData\Local\ms-playwright\chromium_headless_shell-1223\chrome-headless-shell-win64\chrome-headless-shell.exe
╔════════════════════════════════════════════════════════════╗
║ Looks like Playwright was just installed or updated.       ║
║ Please run the following command to download new browsers: ║
║                                                            ║
║     npx playwright install                                 ║
║                                                            ║
║ <3 Playwright Team                                         ║
╚════════════════════════════════════════════════════════════╝
[2026. 5. 27. PM 3:10:10] [INFO] Playwright 브라우저 시작 중...
[2026. 5. 27. PM 3:10:10] [ERROR] ✗ 치명적 오류: browserType.launch: Executable doesn't exist at C:\WINDOWS\system32\config\systemprofile\AppData\Local\ms-playwright\chromium_headless_shell-1223\chrome-headless-shell-win64\chrome-headless-shell.exe
╔════════════════════════════════════════════════════════════╗
║ Looks like Playwright was just installed or updated.       ║
║ Please run the following command to download new browsers: ║
║                                                            ║
║     npx playwright install                                 ║
║                                                            ║
║ <3 Playwright Team                                         ║
╚════════════════════════════════════════════════════════════╝
[2026. 5. 27. PM 4:05:01] [INFO] Playwright 브라우저 시작 중...
[2026. 5. 27. PM 4:05:01] [ERROR] ✗ 치명적 오류: browserType.launch: Executable doesn't exist at C:\WINDOWS\system32\config\systemprofile\AppData\Local\ms-playwright\chromium_headless_shell-1223\chrome-headless-shell-win64\chrome-headless-shell.exe
╔════════════════════════════════════════════════════════════╗
║ Looks like Playwright was just installed or updated.       ║
║ Please run the following command to download new browsers: ║
║                                                            ║
║     npx playwright install                                 ║
║                                                            ║
║ <3 Playwright Team                                         ║
╚════════════════════════════════════════════════════════════╝
[2026. 5. 27. PM 5:05:01] [INFO] Playwright 브라우저 시작 중...
[2026. 5. 27. PM 5:05:01] [ERROR] ✗ 치명적 오류: browserType.launch: Executable doesn't exist at C:\WINDOWS\system32\config\systemprofile\AppData\Local\ms-playwright\chromium_headless_shell-1223\chrome-headless-shell-win64\chrome-headless-shell.exe
╔════════════════════════════════════════════════════════════╗
║ Looks like Playwright was just installed or updated.       ║
║ Please run the following command to download new browsers: ║
║                                                            ║
║     npx playwright install                                 ║
║                                                            ║
║ <3 Playwright Team                                         ║
╚════════════════════════════════════════════════════════════╝
[2026. 5. 27. PM 6:05:01] [INFO] Playwright 브라우저 시작 중...
[2026. 5. 27. PM 6:05:01] [ERROR] ✗ 치명적 오류: browserType.launch: Executable doesn't exist at C:\WINDOWS\system32\config\systemprofile\AppData\Local\ms-playwright\chromium_headless_shell-1223\chrome-headless-shell-win64\chrome-headless-shell.exe
╔════════════════════════════════════════════════════════════╗
║ Looks like Playwright was just installed or updated.       ║
║ Please run the following command to download new browsers: ║
║                                                            ║
║     npx playwright install                                 ║
║                                                            ║
║ <3 Playwright Team                                         ║
╚════════════════════════════════════════════════════════════╝
[2026. 5. 27. PM 7:05:01] [INFO] Playwright 브라우저 시작 중...
[2026. 5. 27. PM 7:05:01] [ERROR] ✗ 치명적 오류: browserType.launch: Executable doesn't exist at C:\WINDOWS\system32\config\systemprofile\AppData\Local\ms-playwright\chromium_headless_shell-1223\chrome-headless-shell-win64\chrome-headless-shell.exe
╔════════════════════════════════════════════════════════════╗
║ Looks like Playwright was just installed or updated.       ║
║ Please run the following command to download new browsers: ║
║                                                            ║
║     npx playwright install                                 ║
║                                                            ║
║ <3 Playwright Team                                         ║
╚════════════════════════════════════════════════════════════╝
[2026. 5. 27. PM 10:29:12] [INFO] Playwright 브라우저 시작 중...
[2026. 5. 27. PM 10:29:12] [ERROR] ✗ 치명적 오류: browserType.launch: Executable doesn't exist at C:\WINDOWS\system32\config\systemprofile\AppData\Local\ms-playwright\chromium_headless_shell-1223\chrome-headless-shell-win64\chrome-headless-shell.exe
╔════════════════════════════════════════════════════════════╗
║ Looks like Playwright was just installed or updated.       ║
║ Please run the following command to download new browsers: ║
║                                                            ║
║     npx playwright install                                 ║
║                                                            ║
║ <3 Playwright Team                                         ║
╚════════════════════════════════════════════════════════════╝
[2026. 5. 27. PM 11:05:01] [INFO] Playwright 브라우저 시작 중...
[2026. 5. 27. PM 11:05:01] [ERROR] ✗ 치명적 오류: browserType.launch: Executable doesn't exist at C:\WINDOWS\system32\config\systemprofile\AppData\Local\ms-playwright\chromium_headless_shell-1223\chrome-headless-shell-win64\chrome-headless-shell.exe
╔════════════════════════════════════════════════════════════╗
║ Looks like Playwright was just installed or updated.       ║
║ Please run the following command to download new browsers: ║
║                                                            ║
║     npx playwright install                                 ║
║                                                            ║
║ <3 Playwright Team                                         ║
╚════════════════════════════════════════════════════════════╝
[2026. 5. 28. AM 12:05:01] [INFO] Playwright 브라우저 시작 중...
[2026. 5. 28. AM 12:05:01] [ERROR] ✗ 치명적 오류: browserType.launch: Executable doesn't exist at C:\WINDOWS\system32\config\systemprofile\AppData\Local\ms-playwright\chromium_headless_shell-1223\chrome-headless-shell-win64\chrome-headless-shell.exe
╔════════════════════════════════════════════════════════════╗
║ Looks like Playwright was just installed or updated.       ║
║ Please run the following command to download new browsers: ║
║                                                            ║
║     npx playwright install                                 ║
║                                                            ║
║ <3 Playwright Team                                         ║
╚════════════════════════════════════════════════════════════╝
[2026. 5. 28. AM 1:05:01] [INFO] Playwright 브라우저 시작 중...
[2026. 5. 28. AM 1:05:01] [ERROR] ✗ 치명적 오류: browserType.launch: Executable doesn't exist at C:\WINDOWS\system32\config\systemprofile\AppData\Local\ms-playwright\chromium_headless_shell-1223\chrome-headless-shell-win64\chrome-headless-shell.exe
╔════════════════════════════════════════════════════════════╗
║ Looks like Playwright was just installed or updated.       ║
║ Please run the following command to download new browsers: ║
║                                                            ║
║     npx playwright install                                 ║
║                                                            ║
║ <3 Playwright Team                                         ║
╚════════════════════════════════════════════════════════════╝
[2026. 5. 28. AM 2:05:01] [INFO] Playwright 브라우저 시작 중...
[2026. 5. 28. AM 2:05:01] [ERROR] ✗ 치명적 오류: browserType.launch: Executable doesn't exist at C:\WINDOWS\system32\config\systemprofile\AppData\Local\ms-playwright\chromium_headless_shell-1223\chrome-headless-shell-win64\chrome-headless-shell.exe
╔════════════════════════════════════════════════════════════╗
║ Looks like Playwright was just installed or updated.       ║
║ Please run the following command to download new browsers: ║
║                                                            ║
║     npx playwright install                                 ║
║                                                            ║
║ <3 Playwright Team                                         ║
╚════════════════════════════════════════════════════════════╝
[2026. 5. 28. AM 3:09:43] [INFO] Playwright 브라우저 시작 중...
[2026. 5. 28. AM 3:09:43] [ERROR] ✗ 치명적 오류: browserType.launch: Executable doesn't exist at C:\WINDOWS\system32\config\systemprofile\AppData\Local\ms-playwright\chromium_headless_shell-1223\chrome-headless-shell-win64\chrome-headless-shell.exe
╔════════════════════════════════════════════════════════════╗
║ Looks like Playwright was just installed or updated.       ║
║ Please run the following command to download new browsers: ║
║                                                            ║
║     npx playwright install                                 ║
║                                                            ║
║ <3 Playwright Team                                         ║
╚════════════════════════════════════════════════════════════╝
[2026. 5. 28. AM 5:02:14] [INFO] Playwright 브라우저 시작 중...
[2026. 5. 28. AM 5:02:14] [ERROR] ✗ 치명적 오류: browserType.launch: Executable doesn't exist at C:\WINDOWS\system32\config\systemprofile\AppData\Local\ms-playwright\chromium_headless_shell-1223\chrome-headless-shell-win64\chrome-headless-shell.exe
╔════════════════════════════════════════════════════════════╗
║ Looks like Playwright was just installed or updated.       ║
║ Please run the following command to download new browsers: ║
║                                                            ║
║     npx playwright install                                 ║
║                                                            ║
║ <3 Playwright Team                                         ║
╚════════════════════════════════════════════════════════════╝
[2026. 5. 28. AM 5:05:01] [INFO] Playwright 브라우저 시작 중...
[2026. 5. 28. AM 5:05:01] [ERROR] ✗ 치명적 오류: browserType.launch: Executable doesn't exist at C:\WINDOWS\system32\config\systemprofile\AppData\Local\ms-playwright\chromium_headless_shell-1223\chrome-headless-shell-win64\chrome-headless-shell.exe
╔════════════════════════════════════════════════════════════╗
║ Looks like Playwright was just installed or updated.       ║
║ Please run the following command to download new browsers: ║
║                                                            ║
║     npx playwright install                                 ║
║                                                            ║
║ <3 Playwright Team                                         ║
╚════════════════════════════════════════════════════════════╝
[2026. 5. 28. AM 6:05:01] [INFO] Playwright 브라우저 시작 중...
[2026. 5. 28. AM 6:05:01] [ERROR] ✗ 치명적 오류: browserType.launch: Executable doesn't exist at C:\WINDOWS\system32\config\systemprofile\AppData\Local\ms-playwright\chromium_headless_shell-1223\chrome-headless-shell-win64\chrome-headless-shell.exe
╔════════════════════════════════════════════════════════════╗
║ Looks like Playwright was just installed or updated.       ║
║ Please run the following command to download new browsers: ║
║                                                            ║
║     npx playwright install                                 ║
║                                                            ║
║ <3 Playwright Team                                         ║
╚════════════════════════════════════════════════════════════╝
[2026. 5. 28. AM 7:05:01] [INFO] Playwright 브라우저 시작 중...
[2026. 5. 28. AM 7:05:02] [ERROR] ✗ 치명적 오류: browserType.launch: Executable doesn't exist at C:\WINDOWS\system32\config\systemprofile\AppData\Local\ms-playwright\chromium_headless_shell-1223\chrome-headless-shell-win64\chrome-headless-shell.exe
╔════════════════════════════════════════════════════════════╗
║ Looks like Playwright was just installed or updated.       ║
║ Please run the following command to download new browsers: ║
║                                                            ║
║     npx playwright install                                 ║
║                                                            ║
║ <3 Playwright Team                                         ║
╚════════════════════════════════════════════════════════════╝
[2026. 5. 28. AM 8:05:01] [INFO] Playwright 브라우저 시작 중...
[2026. 5. 28. AM 8:05:02] [ERROR] ✗ 치명적 오류: browserType.launch: Executable doesn't exist at C:\WINDOWS\system32\config\systemprofile\AppData\Local\ms-playwright\chromium_headless_shell-1223\chrome-headless-shell-win64\chrome-headless-shell.exe
╔════════════════════════════════════════════════════════════╗
║ Looks like Playwright was just installed or updated.       ║
║ Please run the following command to download new browsers: ║
║                                                            ║
║     npx playwright install                                 ║
║                                                            ║
║ <3 Playwright Team                                         ║
╚════════════════════════════════════════════════════════════╝
[2026. 5. 28. AM 9:05:02] [INFO] Playwright 브라우저 시작 중...
[2026. 5. 28. AM 9:05:02] [ERROR] ✗ 치명적 오류: browserType.launch: Executable doesn't exist at C:\WINDOWS\system32\config\systemprofile\AppData\Local\ms-playwright\chromium_headless_shell-1223\chrome-headless-shell-win64\chrome-headless-shell.exe
╔════════════════════════════════════════════════════════════╗
║ Looks like Playwright was just installed or updated.       ║
║ Please run the following command to download new browsers: ║
║                                                            ║
║     npx playwright install                                 ║
║                                                            ║
║ <3 Playwright Team                                         ║
╚════════════════════════════════════════════════════════════╝
[2026. 5. 28. AM 10:05:02] [INFO] Playwright 브라우저 시작 중...
[2026. 5. 28. AM 10:05:02] [ERROR] ✗ 치명적 오류: browserType.launch: Executable doesn't exist at C:\WINDOWS\system32\config\systemprofile\AppData\Local\ms-playwright\chromium_headless_shell-1223\chrome-headless-shell-win64\chrome-headless-shell.exe
╔════════════════════════════════════════════════════════════╗
║ Looks like Playwright was just installed or updated.       ║
║ Please run the following command to download new browsers: ║
║                                                            ║
║     npx playwright install                                 ║
║                                                            ║
║ <3 Playwright Team                                         ║
╚════════════════════════════════════════════════════════════╝
[2026. 5. 28. AM 11:05:02] [INFO] Playwright 브라우저 시작 중...
[2026. 5. 28. AM 11:05:02] [ERROR] ✗ 치명적 오류: browserType.launch: Executable doesn't exist at C:\WINDOWS\system32\config\systemprofile\AppData\Local\ms-playwright\chromium_headless_shell-1223\chrome-headless-shell-win64\chrome-headless-shell.exe
╔════════════════════════════════════════════════════════════╗
║ Looks like Playwright was just installed or updated.       ║
║ Please run the following command to download new browsers: ║
║                                                            ║
║     npx playwright install                                 ║
║                                                            ║
║ <3 Playwright Team                                         ║
╚════════════════════════════════════════════════════════════╝
[2026. 5. 28. PM 12:05:02] [INFO] Playwright 브라우저 시작 중...
[2026. 5. 28. PM 12:05:02] [ERROR] ✗ 치명적 오류: browserType.launch: Executable doesn't exist at C:\WINDOWS\system32\config\systemprofile\AppData\Local\ms-playwright\chromium_headless_shell-1223\chrome-headless-shell-win64\chrome-headless-shell.exe
╔════════════════════════════════════════════════════════════╗
║ Looks like Playwright was just installed or updated.       ║
║ Please run the following command to download new browsers: ║
║                                                            ║
║     npx playwright install                                 ║
║                                                            ║
║ <3 Playwright Team                                         ║
╚════════════════════════════════════════════════════════════╝
[2026. 5. 28. PM 1:05:02] [INFO] Playwright 브라우저 시작 중...
[2026. 5. 28. PM 1:05:02] [ERROR] ✗ 치명적 오류: browserType.launch: Executable doesn't exist at C:\WINDOWS\system32\config\systemprofile\AppData\Local\ms-playwright\chromium_headless_shell-1223\chrome-headless-shell-win64\chrome-headless-shell.exe
╔════════════════════════════════════════════════════════════╗
║ Looks like Playwright was just installed or updated.       ║
║ Please run the following command to download new browsers: ║
║                                                            ║
║     npx playwright install                                 ║
║                                                            ║
║ <3 Playwright Team                                         ║
╚════════════════════════════════════════════════════════════╝
[2026. 5. 28. PM 2:05:02] [INFO] Playwright 브라우저 시작 중...
[2026. 5. 28. PM 2:05:02] [ERROR] ✗ 치명적 오류: browserType.launch: Executable doesn't exist at C:\WINDOWS\system32\config\systemprofile\AppData\Local\ms-playwright\chromium_headless_shell-1223\chrome-headless-shell-win64\chrome-headless-shell.exe
╔════════════════════════════════════════════════════════════╗
║ Looks like Playwright was just installed or updated.       ║
║ Please run the following command to download new browsers: ║
║                                                            ║
║     npx playwright install                                 ║
║                                                            ║
║ <3 Playwright Team                                         ║
╚════════════════════════════════════════════════════════════╝
[2026. 5. 28. PM 3:05:02] [INFO] Playwright 브라우저 시작 중...
[2026. 5. 28. PM 3:05:02] [ERROR] ✗ 치명적 오류: browserType.launch: Executable doesn't exist at C:\WINDOWS\system32\config\systemprofile\AppData\Local\ms-playwright\chromium_headless_shell-1223\chrome-headless-shell-win64\chrome-headless-shell.exe
╔════════════════════════════════════════════════════════════╗
║ Looks like Playwright was just installed or updated.       ║
║ Please run the following command to download new browsers: ║
║                                                            ║
║     npx playwright install                                 ║
║                                                            ║
║ <3 Playwright Team                                         ║
╚════════════════════════════════════════════════════════════╝
[2026. 5. 28. PM 4:05:02] [INFO] Playwright 브라우저 시작 중...
[2026. 5. 28. PM 4:05:02] [ERROR] ✗ 치명적 오류: browserType.launch: Executable doesn't exist at C:\WINDOWS\system32\config\systemprofile\AppData\Local\ms-playwright\chromium_headless_shell-1223\chrome-headless-shell-win64\chrome-headless-shell.exe
╔════════════════════════════════════════════════════════════╗
║ Looks like Playwright was just installed or updated.       ║
║ Please run the following command to download new browsers: ║
║                                                            ║
║     npx playwright install                                 ║
║                                                            ║
║ <3 Playwright Team                                         ║
╚════════════════════════════════════════════════════════════╝
[2026. 5. 28. PM 5:05:02] [INFO] Playwright 브라우저 시작 중...
[2026. 5. 28. PM 5:05:02] [ERROR] ✗ 치명적 오류: browserType.launch: Executable doesn't exist at C:\WINDOWS\system32\config\systemprofile\AppData\Local\ms-playwright\chromium_headless_shell-1223\chrome-headless-shell-win64\chrome-headless-shell.exe
╔════════════════════════════════════════════════════════════╗
║ Looks like Playwright was just installed or updated.       ║
║ Please run the following command to download new browsers: ║
║                                                            ║
║     npx playwright install                                 ║
║                                                            ║
║ <3 Playwright Team                                         ║
╚════════════════════════════════════════════════════════════╝
[2026. 5. 28. PM 6:05:02] [INFO] Playwright 브라우저 시작 중...
[2026. 5. 28. PM 6:05:02] [ERROR] ✗ 치명적 오류: browserType.launch: Executable doesn't exist at C:\WINDOWS\system32\config\systemprofile\AppData\Local\ms-playwright\chromium_headless_shell-1223\chrome-headless-shell-win64\chrome-headless-shell.exe
╔════════════════════════════════════════════════════════════╗
║ Looks like Playwright was just installed or updated.       ║
║ Please run the following command to download new browsers: ║
║                                                            ║
║     npx playwright install                                 ║
║                                                            ║
║ <3 Playwright Team                                         ║
╚════════════════════════════════════════════════════════════╝
[2026. 5. 28. PM 7:05:02] [INFO] Playwright 브라우저 시작 중...
[2026. 5. 28. PM 7:05:02] [ERROR] ✗ 치명적 오류: browserType.launch: Executable doesn't exist at C:\WINDOWS\system32\config\systemprofile\AppData\Local\ms-playwright\chromium_headless_shell-1223\chrome-headless-shell-win64\chrome-headless-shell.exe
╔════════════════════════════════════════════════════════════╗
║ Looks like Playwright was just installed or updated.       ║
║ Please run the following command to download new browsers: ║
║                                                            ║
║     npx playwright install                                 ║
║                                                            ║
║ <3 Playwright Team                                         ║
╚════════════════════════════════════════════════════════════╝
[2026. 5. 28. PM 8:05:02] [INFO] Playwright 브라우저 시작 중...
[2026. 5. 28. PM 8:05:02] [ERROR] ✗ 치명적 오류: browserType.launch: Executable doesn't exist at C:\WINDOWS\system32\config\systemprofile\AppData\Local\ms-playwright\chromium_headless_shell-1223\chrome-headless-shell-win64\chrome-headless-shell.exe
╔════════════════════════════════════════════════════════════╗
║ Looks like Playwright was just installed or updated.       ║
║ Please run the following command to download new browsers: ║
║                                                            ║
║     npx playwright install                                 ║
║                                                            ║
║ <3 Playwright Team                                         ║
╚════════════════════════════════════════════════════════════╝
[2026. 5. 28. PM 9:05:02] [INFO] Playwright 브라우저 시작 중...
[2026. 5. 28. PM 9:05:02] [ERROR] ✗ 치명적 오류: browserType.launch: Executable doesn't exist at C:\WINDOWS\system32\config\systemprofile\AppData\Local\ms-playwright\chromium_headless_shell-1223\chrome-headless-shell-win64\chrome-headless-shell.exe
╔════════════════════════════════════════════════════════════╗
║ Looks like Playwright was just installed or updated.       ║
║ Please run the following command to download new browsers: ║
║                                                            ║
║     npx playwright install                                 ║
║                                                            ║
║ <3 Playwright Team                                         ║
╚════════════════════════════════════════════════════════════╝
[2026. 5. 28. PM 10:20:52] [INFO] Playwright 브라우저 시작 중...
[2026. 5. 28. PM 10:20:52] [ERROR] ✗ 치명적 오류: browserType.launch: Executable doesn't exist at C:\WINDOWS\system32\config\systemprofile\AppData\Local\ms-playwright\chromium_headless_shell-1223\chrome-headless-shell-win64\chrome-headless-shell.exe
╔════════════════════════════════════════════════════════════╗
║ Looks like Playwright was just installed or updated.       ║
║ Please run the following command to download new browsers: ║
║                                                            ║
║     npx playwright install                                 ║
║                                                            ║
║ <3 Playwright Team                                         ║
╚════════════════════════════════════════════════════════════╝
[2026. 5. 28. PM 11:05:02] [INFO] Playwright 브라우저 시작 중...
[2026. 5. 28. PM 11:05:02] [ERROR] ✗ 치명적 오류: browserType.launch: Executable doesn't exist at C:\WINDOWS\system32\config\systemprofile\AppData\Local\ms-playwright\chromium_headless_shell-1223\chrome-headless-shell-win64\chrome-headless-shell.exe
╔════════════════════════════════════════════════════════════╗
║ Looks like Playwright was just installed or updated.       ║
║ Please run the following command to download new browsers: ║
║                                                            ║
║     npx playwright install                                 ║
║                                                            ║
║ <3 Playwright Team                                         ║
╚════════════════════════════════════════════════════════════╝
[2026. 5. 29. AM 12:05:02] [INFO] Playwright 브라우저 시작 중...
[2026. 5. 29. AM 12:05:02] [ERROR] ✗ 치명적 오류: browserType.launch: Executable doesn't exist at C:\WINDOWS\system32\config\systemprofile\AppData\Local\ms-playwright\chromium_headless_shell-1223\chrome-headless-shell-win64\chrome-headless-shell.exe
╔════════════════════════════════════════════════════════════╗
║ Looks like Playwright was just installed or updated.       ║
║ Please run the following command to download new browsers: ║
║                                                            ║
║     npx playwright install                                 ║
║                                                            ║
║ <3 Playwright Team                                         ║
╚════════════════════════════════════════════════════════════╝
[2026. 5. 29. AM 1:05:02] [INFO] Playwright 브라우저 시작 중...
[2026. 5. 29. AM 1:05:02] [ERROR] ✗ 치명적 오류: browserType.launch: Executable doesn't exist at C:\WINDOWS\system32\config\systemprofile\AppData\Local\ms-playwright\chromium_headless_shell-1223\chrome-headless-shell-win64\chrome-headless-shell.exe
╔════════════════════════════════════════════════════════════╗
║ Looks like Playwright was just installed or updated.       ║
║ Please run the following command to download new browsers: ║
║                                                            ║
║     npx playwright install                                 ║
║                                                            ║
║ <3 Playwright Team                                         ║
╚════════════════════════════════════════════════════════════╝
[2026. 5. 29. AM 2:05:02] [INFO] Playwright 브라우저 시작 중...
[2026. 5. 29. AM 2:05:02] [ERROR] ✗ 치명적 오류: browserType.launch: Executable doesn't exist at C:\WINDOWS\system32\config\systemprofile\AppData\Local\ms-playwright\chromium_headless_shell-1223\chrome-headless-shell-win64\chrome-headless-shell.exe
╔════════════════════════════════════════════════════════════╗
║ Looks like Playwright was just installed or updated.       ║
║ Please run the following command to download new browsers: ║
║                                                            ║
║     npx playwright install                                 ║
║                                                            ║
║ <3 Playwright Team                                         ║
╚════════════════════════════════════════════════════════════╝
[2026. 5. 29. AM 3:17:24] [INFO] Playwright 브라우저 시작 중...
[2026. 5. 29. AM 3:17:24] [ERROR] ✗ 치명적 오류: browserType.launch: Executable doesn't exist at C:\WINDOWS\system32\config\systemprofile\AppData\Local\ms-playwright\chromium_headless_shell-1223\chrome-headless-shell-win64\chrome-headless-shell.exe
╔════════════════════════════════════════════════════════════╗
║ Looks like Playwright was just installed or updated.       ║
║ Please run the following command to download new browsers: ║
║                                                            ║
║     npx playwright install                                 ║
║                                                            ║
║ <3 Playwright Team                                         ║
╚════════════════════════════════════════════════════════════╝
[2026. 5. 29. AM 4:05:01] [INFO] Playwright 브라우저 시작 중...
[2026. 5. 29. AM 4:05:01] [ERROR] ✗ 치명적 오류: browserType.launch: Executable doesn't exist at C:\WINDOWS\system32\config\systemprofile\AppData\Local\ms-playwright\chromium_headless_shell-1223\chrome-headless-shell-win64\chrome-headless-shell.exe
╔════════════════════════════════════════════════════════════╗
║ Looks like Playwright was just installed or updated.       ║
║ Please run the following command to download new browsers: ║
║                                                            ║
║     npx playwright install                                 ║
║                                                            ║
║ <3 Playwright Team                                         ║
╚════════════════════════════════════════════════════════════╝
[2026. 5. 29. AM 5:05:01] [INFO] Playwright 브라우저 시작 중...
[2026. 5. 29. AM 5:05:01] [ERROR] ✗ 치명적 오류: browserType.launch: Executable doesn't exist at C:\WINDOWS\system32\config\systemprofile\AppData\Local\ms-playwright\chromium_headless_shell-1223\chrome-headless-shell-win64\chrome-headless-shell.exe
╔════════════════════════════════════════════════════════════╗
║ Looks like Playwright was just installed or updated.       ║
║ Please run the following command to download new browsers: ║
║                                                            ║
║     npx playwright install                                 ║
║                                                            ║
║ <3 Playwright Team                                         ║
╚════════════════════════════════════════════════════════════╝
[2026. 5. 29. AM 6:05:01] [INFO] Playwright 브라우저 시작 중...
[2026. 5. 29. AM 6:05:01] [ERROR] ✗ 치명적 오류: browserType.launch: Executable doesn't exist at C:\WINDOWS\system32\config\systemprofile\AppData\Local\ms-playwright\chromium_headless_shell-1223\chrome-headless-shell-win64\chrome-headless-shell.exe
╔════════════════════════════════════════════════════════════╗
║ Looks like Playwright was just installed or updated.       ║
║ Please run the following command to download new browsers: ║
║                                                            ║
║     npx playwright install                                 ║
║                                                            ║
║ <3 Playwright Team                                         ║
╚════════════════════════════════════════════════════════════╝
[2026. 5. 29. PM 9:05:01] [INFO] Playwright 브라우저 시작 중...
[2026. 5. 29. PM 9:05:02] [ERROR] ✗ 치명적 오류: browserType.launch: Executable doesn't exist at C:\WINDOWS\system32\config\systemprofile\AppData\Local\ms-playwright\chromium_headless_shell-1223\chrome-headless-shell-win64\chrome-headless-shell.exe
╔════════════════════════════════════════════════════════════╗
║ Looks like Playwright was just installed or updated.       ║
║ Please run the following command to download new browsers: ║
║                                                            ║
║     npx playwright install                                 ║
║                                                            ║
║ <3 Playwright Team                                         ║
╚════════════════════════════════════════════════════════════╝
[2026. 5. 29. PM 10:05:01] [INFO] Playwright 브라우저 시작 중...
[2026. 5. 29. PM 10:05:01] [ERROR] ✗ 치명적 오류: browserType.launch: Executable doesn't exist at C:\WINDOWS\system32\config\systemprofile\AppData\Local\ms-playwright\chromium_headless_shell-1223\chrome-headless-shell-win64\chrome-headless-shell.exe
╔════════════════════════════════════════════════════════════╗
║ Looks like Playwright was just installed or updated.       ║
║ Please run the following command to download new browsers: ║
║                                                            ║
║     npx playwright install                                 ║
║                                                            ║
║ <3 Playwright Team                                         ║
╚════════════════════════════════════════════════════════════╝
[2026. 5. 29. PM 11:05:01] [INFO] Playwright 브라우저 시작 중...
[2026. 5. 29. PM 11:05:01] [ERROR] ✗ 치명적 오류: browserType.launch: Executable doesn't exist at C:\WINDOWS\system32\config\systemprofile\AppData\Local\ms-playwright\chromium_headless_shell-1223\chrome-headless-shell-win64\chrome-headless-shell.exe
╔════════════════════════════════════════════════════════════╗
║ Looks like Playwright was just installed or updated.       ║
║ Please run the following command to download new browsers: ║
║                                                            ║
║     npx playwright install                                 ║
║                                                            ║
║ <3 Playwright Team                                         ║
╚════════════════════════════════════════════════════════════╝
[2026. 5. 30. AM 12:05:01] [INFO] Playwright 브라우저 시작 중...
[2026. 5. 30. AM 12:05:01] [ERROR] ✗ 치명적 오류: browserType.launch: Executable doesn't exist at C:\WINDOWS\system32\config\systemprofile\AppData\Local\ms-playwright\chromium_headless_shell-1223\chrome-headless-shell-win64\chrome-headless-shell.exe
╔════════════════════════════════════════════════════════════╗
║ Looks like Playwright was just installed or updated.       ║
║ Please run the following command to download new browsers: ║
║                                                            ║
║     npx playwright install                                 ║
║                                                            ║
║ <3 Playwright Team                                         ║
╚════════════════════════════════════════════════════════════╝
[2026. 5. 30. AM 1:05:01] [INFO] Playwright 브라우저 시작 중...
[2026. 5. 30. AM 1:05:01] [ERROR] ✗ 치명적 오류: browserType.launch: Executable doesn't exist at C:\WINDOWS\system32\config\systemprofile\AppData\Local\ms-playwright\chromium_headless_shell-1223\chrome-headless-shell-win64\chrome-headless-shell.exe
╔════════════════════════════════════════════════════════════╗
║ Looks like Playwright was just installed or updated.       ║
║ Please run the following command to download new browsers: ║
║                                                            ║
║     npx playwright install                                 ║
║                                                            ║
║ <3 Playwright Team                                         ║
╚════════════════════════════════════════════════════════════╝
[2026. 5. 30. AM 2:05:01] [INFO] Playwright 브라우저 시작 중...
[2026. 5. 30. AM 2:05:01] [ERROR] ✗ 치명적 오류: browserType.launch: Executable doesn't exist at C:\WINDOWS\system32\config\systemprofile\AppData\Local\ms-playwright\chromium_headless_shell-1223\chrome-headless-shell-win64\chrome-headless-shell.exe
╔════════════════════════════════════════════════════════════╗
║ Looks like Playwright was just installed or updated.       ║
║ Please run the following command to download new browsers: ║
║                                                            ║
║     npx playwright install                                 ║
║                                                            ║
║ <3 Playwright Team                                         ║
╚════════════════════════════════════════════════════════════╝
[2026. 5. 30. AM 3:05:01] [INFO] Playwright 브라우저 시작 중...
[2026. 5. 30. AM 3:05:01] [ERROR] ✗ 치명적 오류: browserType.launch: Executable doesn't exist at C:\WINDOWS\system32\config\systemprofile\AppData\Local\ms-playwright\chromium_headless_shell-1223\chrome-headless-shell-win64\chrome-headless-shell.exe
╔════════════════════════════════════════════════════════════╗
║ Looks like Playwright was just installed or updated.       ║
║ Please run the following command to download new browsers: ║
║                                                            ║
║     npx playwright install                                 ║
║                                                            ║
║ <3 Playwright Team                                         ║
╚════════════════════════════════════════════════════════════╝
[2026. 5. 30. AM 4:05:01] [INFO] Playwright 브라우저 시작 중...
[2026. 5. 30. AM 4:05:01] [ERROR] ✗ 치명적 오류: browserType.launch: Executable doesn't exist at C:\WINDOWS\system32\config\systemprofile\AppData\Local\ms-playwright\chromium_headless_shell-1223\chrome-headless-shell-win64\chrome-headless-shell.exe
╔════════════════════════════════════════════════════════════╗
║ Looks like Playwright was just installed or updated.       ║
║ Please run the following command to download new browsers: ║
║                                                            ║
║     npx playwright install                                 ║
║                                                            ║
║ <3 Playwright Team                                         ║
╚════════════════════════════════════════════════════════════╝
[2026. 5. 30. AM 5:05:02] [INFO] Playwright 브라우저 시작 중...
[2026. 5. 30. AM 5:05:02] [ERROR] ✗ 치명적 오류: browserType.launch: Executable doesn't exist at C:\WINDOWS\system32\config\systemprofile\AppData\Local\ms-playwright\chromium_headless_shell-1223\chrome-headless-shell-win64\chrome-headless-shell.exe
╔════════════════════════════════════════════════════════════╗
║ Looks like Playwright was just installed or updated.       ║
║ Please run the following command to download new browsers: ║
║                                                            ║
║     npx playwright install                                 ║
║                                                            ║
║ <3 Playwright Team                                         ║
╚════════════════════════════════════════════════════════════╝
[2026. 5. 30. AM 6:05:01] [INFO] Playwright 브라우저 시작 중...
[2026. 5. 30. AM 6:05:01] [ERROR] ✗ 치명적 오류: browserType.launch: Executable doesn't exist at C:\WINDOWS\system32\config\systemprofile\AppData\Local\ms-playwright\chromium_headless_shell-1223\chrome-headless-shell-win64\chrome-headless-shell.exe
╔════════════════════════════════════════════════════════════╗
║ Looks like Playwright was just installed or updated.       ║
║ Please run the following command to download new browsers: ║
║                                                            ║
║     npx playwright install                                 ║
║                                                            ║
║ <3 Playwright Team                                         ║
╚════════════════════════════════════════════════════════════╝
[2026. 5. 30. AM 7:05:01] [INFO] Playwright 브라우저 시작 중...
[2026. 5. 30. AM 7:05:01] [ERROR] ✗ 치명적 오류: browserType.launch: Executable doesn't exist at C:\WINDOWS\system32\config\systemprofile\AppData\Local\ms-playwright\chromium_headless_shell-1223\chrome-headless-shell-win64\chrome-headless-shell.exe
╔════════════════════════════════════════════════════════════╗
║ Looks like Playwright was just installed or updated.       ║
║ Please run the following command to download new browsers: ║
║                                                            ║
║     npx playwright install                                 ║
║                                                            ║
║ <3 Playwright Team                                         ║
╚════════════════════════════════════════════════════════════╝
[2026. 5. 30. AM 8:05:01] [INFO] Playwright 브라우저 시작 중...
[2026. 5. 30. AM 8:05:01] [ERROR] ✗ 치명적 오류: browserType.launch: Executable doesn't exist at C:\WINDOWS\system32\config\systemprofile\AppData\Local\ms-playwright\chromium_headless_shell-1223\chrome-headless-shell-win64\chrome-headless-shell.exe
╔════════════════════════════════════════════════════════════╗
║ Looks like Playwright was just installed or updated.       ║
║ Please run the following command to download new browsers: ║
║                                                            ║
║     npx playwright install                                 ║
║                                                            ║
║ <3 Playwright Team                                         ║
╚════════════════════════════════════════════════════════════╝
[2026. 5. 30. AM 11:13:14] [INFO] Playwright 브라우저 시작 중...
[2026. 5. 30. AM 11:13:14] [ERROR] ✗ 치명적 오류: browserType.launch: Executable doesn't exist at C:\WINDOWS\system32\config\systemprofile\AppData\Local\ms-playwright\chromium_headless_shell-1223\chrome-headless-shell-win64\chrome-headless-shell.exe
╔════════════════════════════════════════════════════════════╗
║ Looks like Playwright was just installed or updated.       ║
║ Please run the following command to download new browsers: ║
║                                                            ║
║     npx playwright install                                 ║
║                                                            ║
║ <3 Playwright Team                                         ║
╚════════════════════════════════════════════════════════════╝
[2026. 5. 30. PM 2:22:25] [INFO] Playwright 브라우저 시작 중...
[2026. 5. 30. PM 2:22:25] [ERROR] ✗ 치명적 오류: browserType.launch: Executable doesn't exist at C:\WINDOWS\system32\config\systemprofile\AppData\Local\ms-playwright\chromium_headless_shell-1223\chrome-headless-shell-win64\chrome-headless-shell.exe
╔════════════════════════════════════════════════════════════╗
║ Looks like Playwright was just installed or updated.       ║
║ Please run the following command to download new browsers: ║
║                                                            ║
║     npx playwright install                                 ║
║                                                            ║
║ <3 Playwright Team                                         ║
╚════════════════════════════════════════════════════════════╝
[2026. 5. 30. PM 3:05:01] [INFO] Playwright 브라우저 시작 중...
[2026. 5. 30. PM 3:05:01] [ERROR] ✗ 치명적 오류: browserType.launch: Executable doesn't exist at C:\WINDOWS\system32\config\systemprofile\AppData\Local\ms-playwright\chromium_headless_shell-1223\chrome-headless-shell-win64\chrome-headless-shell.exe
╔════════════════════════════════════════════════════════════╗
║ Looks like Playwright was just installed or updated.       ║
║ Please run the following command to download new browsers: ║
║                                                            ║
║     npx playwright install                                 ║
║                                                            ║
║ <3 Playwright Team                                         ║
╚════════════════════════════════════════════════════════════╝
[2026. 5. 30. PM 4:05:01] [INFO] Playwright 브라우저 시작 중...
[2026. 5. 30. PM 4:05:01] [ERROR] ✗ 치명적 오류: browserType.launch: Executable doesn't exist at C:\WINDOWS\system32\config\systemprofile\AppData\Local\ms-playwright\chromium_headless_shell-1223\chrome-headless-shell-win64\chrome-headless-shell.exe
╔════════════════════════════════════════════════════════════╗
║ Looks like Playwright was just installed or updated.       ║
║ Please run the following command to download new browsers: ║
║                                                            ║
║     npx playwright install                                 ║
║                                                            ║
║ <3 Playwright Team                                         ║
╚════════════════════════════════════════════════════════════╝
[2026. 5. 31. PM 4:46:03] [INFO] Playwright 브라우저 시작 중...
[2026. 5. 31. PM 4:46:03] [ERROR] ✗ 치명적 오류: browserType.launch: Executable doesn't exist at C:\WINDOWS\system32\config\systemprofile\AppData\Local\ms-playwright\chromium_headless_shell-1223\chrome-headless-shell-win64\chrome-headless-shell.exe
╔════════════════════════════════════════════════════════════╗
║ Looks like Playwright was just installed or updated.       ║
║ Please run the following command to download new browsers: ║
║                                                            ║
║     npx playwright install                                 ║
║                                                            ║
║ <3 Playwright Team                                         ║
╚════════════════════════════════════════════════════════════╝
[2026. 5. 31. PM 5:05:01] [INFO] Playwright 브라우저 시작 중...
[2026. 5. 31. PM 5:05:01] [ERROR] ✗ 치명적 오류: browserType.launch: Executable doesn't exist at C:\WINDOWS\system32\config\systemprofile\AppData\Local\ms-playwright\chromium_headless_shell-1223\chrome-headless-shell-win64\chrome-headless-shell.exe
╔════════════════════════════════════════════════════════════╗
║ Looks like Playwright was just installed or updated.       ║
║ Please run the following command to download new browsers: ║
║                                                            ║
║     npx playwright install                                 ║
║                                                            ║
║ <3 Playwright Team                                         ║
╚════════════════════════════════════════════════════════════╝
[2026. 5. 31. PM 6:05:01] [INFO] Playwright 브라우저 시작 중...
[2026. 5. 31. PM 6:05:01] [ERROR] ✗ 치명적 오류: browserType.launch: Executable doesn't exist at C:\WINDOWS\system32\config\systemprofile\AppData\Local\ms-playwright\chromium_headless_shell-1223\chrome-headless-shell-win64\chrome-headless-shell.exe
╔════════════════════════════════════════════════════════════╗
║ Looks like Playwright was just installed or updated.       ║
║ Please run the following command to download new browsers: ║
║                                                            ║
║     npx playwright install                                 ║
║                                                            ║
║ <3 Playwright Team                                         ║
╚════════════════════════════════════════════════════════════╝
[2026. 5. 31. PM 7:05:01] [INFO] Playwright 브라우저 시작 중...
[2026. 5. 31. PM 7:05:01] [ERROR] ✗ 치명적 오류: browserType.launch: Executable doesn't exist at C:\WINDOWS\system32\config\systemprofile\AppData\Local\ms-playwright\chromium_headless_shell-1223\chrome-headless-shell-win64\chrome-headless-shell.exe
╔════════════════════════════════════════════════════════════╗
║ Looks like Playwright was just installed or updated.       ║
║ Please run the following command to download new browsers: ║
║                                                            ║
║     npx playwright install                                 ║
║                                                            ║
║ <3 Playwright Team                                         ║
╚════════════════════════════════════════════════════════════╝
[2026. 5. 31. PM 8:05:01] [INFO] Playwright 브라우저 시작 중...
[2026. 5. 31. PM 8:05:01] [ERROR] ✗ 치명적 오류: browserType.launch: Executable doesn't exist at C:\WINDOWS\system32\config\systemprofile\AppData\Local\ms-playwright\chromium_headless_shell-1223\chrome-headless-shell-win64\chrome-headless-shell.exe
╔════════════════════════════════════════════════════════════╗
║ Looks like Playwright was just installed or updated.       ║
║ Please run the following command to download new browsers: ║
║                                                            ║
║     npx playwright install                                 ║
║                                                            ║
║ <3 Playwright Team                                         ║
╚════════════════════════════════════════════════════════════╝
[2026. 5. 31. PM 9:05:01] [INFO] Playwright 브라우저 시작 중...
[2026. 5. 31. PM 9:05:01] [ERROR] ✗ 치명적 오류: browserType.launch: Executable doesn't exist at C:\WINDOWS\system32\config\systemprofile\AppData\Local\ms-playwright\chromium_headless_shell-1223\chrome-headless-shell-win64\chrome-headless-shell.exe
╔════════════════════════════════════════════════════════════╗
║ Looks like Playwright was just installed or updated.       ║
║ Please run the following command to download new browsers: ║
║                                                            ║
║     npx playwright install                                 ║
║                                                            ║
║ <3 Playwright Team                                         ║
╚════════════════════════════════════════════════════════════╝
[2026. 5. 31. PM 11:48:37] [INFO] Playwright 브라우저 시작 중...
[2026. 5. 31. PM 11:48:37] [ERROR] ✗ 치명적 오류: browserType.launch: Executable doesn't exist at C:\WINDOWS\system32\config\systemprofile\AppData\Local\ms-playwright\chromium_headless_shell-1223\chrome-headless-shell-win64\chrome-headless-shell.exe
╔════════════════════════════════════════════════════════════╗
║ Looks like Playwright was just installed or updated.       ║
║ Please run the following command to download new browsers: ║
║                                                            ║
║     npx playwright install                                 ║
║                                                            ║
║ <3 Playwright Team                                         ║
╚════════════════════════════════════════════════════════════╝
[2026. 6. 1. AM 12:05:02] [INFO] Playwright 브라우저 시작 중...
[2026. 6. 1. AM 12:05:02] [ERROR] ✗ 치명적 오류: browserType.launch: Executable doesn't exist at C:\WINDOWS\system32\config\systemprofile\AppData\Local\ms-playwright\chromium_headless_shell-1223\chrome-headless-shell-win64\chrome-headless-shell.exe
╔════════════════════════════════════════════════════════════╗
║ Looks like Playwright was just installed or updated.       ║
║ Please run the following command to download new browsers: ║
║                                                            ║
║     npx playwright install                                 ║
║                                                            ║
║ <3 Playwright Team                                         ║
╚════════════════════════════════════════════════════════════╝
[2026. 6. 1. AM 5:10:20] [INFO] Playwright 브라우저 시작 중...
[2026. 6. 1. AM 5:10:20] [ERROR] ✗ 치명적 오류: browserType.launch: Executable doesn't exist at C:\WINDOWS\system32\config\systemprofile\AppData\Local\ms-playwright\chromium_headless_shell-1223\chrome-headless-shell-win64\chrome-headless-shell.exe
╔════════════════════════════════════════════════════════════╗
║ Looks like Playwright was just installed or updated.       ║
║ Please run the following command to download new browsers: ║
║                                                            ║
║     npx playwright install                                 ║
║                                                            ║
║ <3 Playwright Team                                         ║
╚════════════════════════════════════════════════════════════╝
[2026. 6. 1. AM 6:05:01] [INFO] Playwright 브라우저 시작 중...
[2026. 6. 1. AM 6:05:01] [ERROR] ✗ 치명적 오류: browserType.launch: Executable doesn't exist at C:\WINDOWS\system32\config\systemprofile\AppData\Local\ms-playwright\chromium_headless_shell-1223\chrome-headless-shell-win64\chrome-headless-shell.exe
╔════════════════════════════════════════════════════════════╗
║ Looks like Playwright was just installed or updated.       ║
║ Please run the following command to download new browsers: ║
║                                                            ║
║     npx playwright install                                 ║
║                                                            ║
║ <3 Playwright Team                                         ║
╚════════════════════════════════════════════════════════════╝
[2026. 6. 1. AM 7:05:01] [INFO] Playwright 브라우저 시작 중...
[2026. 6. 1. AM 7:05:01] [ERROR] ✗ 치명적 오류: browserType.launch: Executable doesn't exist at C:\WINDOWS\system32\config\systemprofile\AppData\Local\ms-playwright\chromium_headless_shell-1223\chrome-headless-shell-win64\chrome-headless-shell.exe
╔════════════════════════════════════════════════════════════╗
║ Looks like Playwright was just installed or updated.       ║
║ Please run the following command to download new browsers: ║
║                                                            ║
║     npx playwright install                                 ║
║                                                            ║
║ <3 Playwright Team                                         ║
╚════════════════════════════════════════════════════════════╝
[2026. 6. 1. AM 8:05:01] [INFO] Playwright 브라우저 시작 중...
[2026. 6. 1. AM 8:05:01] [ERROR] ✗ 치명적 오류: browserType.launch: Executable doesn't exist at C:\WINDOWS\system32\config\systemprofile\AppData\Local\ms-playwright\chromium_headless_shell-1223\chrome-headless-shell-win64\chrome-headless-shell.exe
╔════════════════════════════════════════════════════════════╗
║ Looks like Playwright was just installed or updated.       ║
║ Please run the following command to download new browsers: ║
║                                                            ║
║     npx playwright install                                 ║
║                                                            ║
║ <3 Playwright Team                                         ║
╚════════════════════════════════════════════════════════════╝
[2026. 6. 1. AM 9:05:01] [INFO] Playwright 브라우저 시작 중...
[2026. 6. 1. AM 9:05:01] [ERROR] ✗ 치명적 오류: browserType.launch: Executable doesn't exist at C:\WINDOWS\system32\config\systemprofile\AppData\Local\ms-playwright\chromium_headless_shell-1223\chrome-headless-shell-win64\chrome-headless-shell.exe
╔════════════════════════════════════════════════════════════╗
║ Looks like Playwright was just installed or updated.       ║
║ Please run the following command to download new browsers: ║
║                                                            ║
║     npx playwright install                                 ║
║                                                            ║
║ <3 Playwright Team                                         ║
╚════════════════════════════════════════════════════════════╝
[2026. 6. 1. AM 10:05:01] [INFO] Playwright 브라우저 시작 중...
[2026. 6. 1. AM 10:05:01] [ERROR] ✗ 치명적 오류: browserType.launch: Executable doesn't exist at C:\WINDOWS\system32\config\systemprofile\AppData\Local\ms-playwright\chromium_headless_shell-1223\chrome-headless-shell-win64\chrome-headless-shell.exe
╔════════════════════════════════════════════════════════════╗
║ Looks like Playwright was just installed or updated.       ║
║ Please run the following command to download new browsers: ║
║                                                            ║
║     npx playwright install                                 ║
║                                                            ║
║ <3 Playwright Team                                         ║
╚════════════════════════════════════════════════════════════╝
[2026. 6. 1. AM 11:05:01] [INFO] Playwright 브라우저 시작 중...
[2026. 6. 1. AM 11:05:01] [ERROR] ✗ 치명적 오류: browserType.launch: Executable doesn't exist at C:\WINDOWS\system32\config\systemprofile\AppData\Local\ms-playwright\chromium_headless_shell-1223\chrome-headless-shell-win64\chrome-headless-shell.exe
╔════════════════════════════════════════════════════════════╗
║ Looks like Playwright was just installed or updated.       ║
║ Please run the following command to download new browsers: ║
║                                                            ║
║     npx playwright install                                 ║
║                                                            ║
║ <3 Playwright Team                                         ║
╚════════════════════════════════════════════════════════════╝
[2026. 6. 1. PM 12:05:01] [INFO] Playwright 브라우저 시작 중...
[2026. 6. 1. PM 12:05:01] [ERROR] ✗ 치명적 오류: browserType.launch: Executable doesn't exist at C:\WINDOWS\system32\config\systemprofile\AppData\Local\ms-playwright\chromium_headless_shell-1223\chrome-headless-shell-win64\chrome-headless-shell.exe
╔════════════════════════════════════════════════════════════╗
║ Looks like Playwright was just installed or updated.       ║
║ Please run the following command to download new browsers: ║
║                                                            ║
║     npx playwright install                                 ║
║                                                            ║
║ <3 Playwright Team                                         ║
╚════════════════════════════════════════════════════════════╝
[2026. 6. 1. PM 1:05:01] [INFO] Playwright 브라우저 시작 중...
[2026. 6. 1. PM 1:05:01] [ERROR] ✗ 치명적 오류: browserType.launch: Executable doesn't exist at C:\WINDOWS\system32\config\systemprofile\AppData\Local\ms-playwright\chromium_headless_shell-1223\chrome-headless-shell-win64\chrome-headless-shell.exe
╔════════════════════════════════════════════════════════════╗
║ Looks like Playwright was just installed or updated.       ║
║ Please run the following command to download new browsers: ║
║                                                            ║
║     npx playwright install                                 ║
║                                                            ║
║ <3 Playwright Team                                         ║
╚════════════════════════════════════════════════════════════╝
[2026. 6. 1. PM 2:05:01] [INFO] Playwright 브라우저 시작 중...
[2026. 6. 1. PM 2:05:01] [ERROR] ✗ 치명적 오류: browserType.launch: Executable doesn't exist at C:\WINDOWS\system32\config\systemprofile\AppData\Local\ms-playwright\chromium_headless_shell-1223\chrome-headless-shell-win64\chrome-headless-shell.exe
╔════════════════════════════════════════════════════════════╗
║ Looks like Playwright was just installed or updated.       ║
║ Please run the following command to download new browsers: ║
║                                                            ║
║     npx playwright install                                 ║
║                                                            ║
║ <3 Playwright Team                                         ║
╚════════════════════════════════════════════════════════════╝
[2026. 6. 1. PM 3:05:01] [INFO] Playwright 브라우저 시작 중...
[2026. 6. 1. PM 3:05:01] [ERROR] ✗ 치명적 오류: browserType.launch: Executable doesn't exist at C:\WINDOWS\system32\config\systemprofile\AppData\Local\ms-playwright\chromium_headless_shell-1223\chrome-headless-shell-win64\chrome-headless-shell.exe
╔════════════════════════════════════════════════════════════╗
║ Looks like Playwright was just installed or updated.       ║
║ Please run the following command to download new browsers: ║
║                                                            ║
║     npx playwright install                                 ║
║                                                            ║
║ <3 Playwright Team                                         ║
╚════════════════════════════════════════════════════════════╝
[2026. 6. 1. PM 4:05:01] [INFO] Playwright 브라우저 시작 중...
[2026. 6. 1. PM 4:05:01] [ERROR] ✗ 치명적 오류: browserType.launch: Executable doesn't exist at C:\WINDOWS\system32\config\systemprofile\AppData\Local\ms-playwright\chromium_headless_shell-1223\chrome-headless-shell-win64\chrome-headless-shell.exe
╔════════════════════════════════════════════════════════════╗
║ Looks like Playwright was just installed or updated.       ║
║ Please run the following command to download new browsers: ║
║                                                            ║
║     npx playwright install                                 ║
║                                                            ║
║ <3 Playwright Team                                         ║
╚════════════════════════════════════════════════════════════╝
[2026. 6. 1. PM 5:05:01] [INFO] Playwright 브라우저 시작 중...
[2026. 6. 1. PM 5:05:01] [ERROR] ✗ 치명적 오류: browserType.launch: Executable doesn't exist at C:\WINDOWS\system32\config\systemprofile\AppData\Local\ms-playwright\chromium_headless_shell-1223\chrome-headless-shell-win64\chrome-headless-shell.exe
╔════════════════════════════════════════════════════════════╗
║ Looks like Playwright was just installed or updated.       ║
║ Please run the following command to download new browsers: ║
║                                                            ║
║     npx playwright install                                 ║
║                                                            ║
║ <3 Playwright Team                                         ║
╚════════════════════════════════════════════════════════════╝
[2026. 6. 1. PM 6:05:01] [INFO] Playwright 브라우저 시작 중...
[2026. 6. 1. PM 6:05:01] [ERROR] ✗ 치명적 오류: browserType.launch: Executable doesn't exist at C:\WINDOWS\system32\config\systemprofile\AppData\Local\ms-playwright\chromium_headless_shell-1223\chrome-headless-shell-win64\chrome-headless-shell.exe
╔════════════════════════════════════════════════════════════╗
║ Looks like Playwright was just installed or updated.       ║
║ Please run the following command to download new browsers: ║
║                                                            ║
║     npx playwright install                                 ║
║                                                            ║
║ <3 Playwright Team                                         ║
╚════════════════════════════════════════════════════════════╝
[2026. 6. 1. PM 7:05:01] [INFO] Playwright 브라우저 시작 중...
[2026. 6. 1. PM 7:05:01] [ERROR] ✗ 치명적 오류: browserType.launch: Executable doesn't exist at C:\WINDOWS\system32\config\systemprofile\AppData\Local\ms-playwright\chromium_headless_shell-1223\chrome-headless-shell-win64\chrome-headless-shell.exe
╔════════════════════════════════════════════════════════════╗
║ Looks like Playwright was just installed or updated.       ║
║ Please run the following command to download new browsers: ║
║                                                            ║
║     npx playwright install                                 ║
║                                                            ║
║ <3 Playwright Team                                         ║
╚════════════════════════════════════════════════════════════╝
[2026. 6. 1. PM 8:05:01] [INFO] Playwright 브라우저 시작 중...
[2026. 6. 1. PM 8:05:01] [ERROR] ✗ 치명적 오류: browserType.launch: Executable doesn't exist at C:\WINDOWS\system32\config\systemprofile\AppData\Local\ms-playwright\chromium_headless_shell-1223\chrome-headless-shell-win64\chrome-headless-shell.exe
╔════════════════════════════════════════════════════════════╗
║ Looks like Playwright was just installed or updated.       ║
║ Please run the following command to download new browsers: ║
║                                                            ║
║     npx playwright install                                 ║
║                                                            ║
║ <3 Playwright Team                                         ║
╚════════════════════════════════════════════════════════════╝
[2026. 6. 2. AM 3:44:36] [INFO] Playwright 브라우저 시작 중...
[2026. 6. 2. AM 3:44:36] [ERROR] ✗ 치명적 오류: browserType.launch: Executable doesn't exist at C:\WINDOWS\system32\config\systemprofile\AppData\Local\ms-playwright\chromium_headless_shell-1223\chrome-headless-shell-win64\chrome-headless-shell.exe
╔════════════════════════════════════════════════════════════╗
║ Looks like Playwright was just installed or updated.       ║
║ Please run the following command to download new browsers: ║
║                                                            ║
║     npx playwright install                                 ║
║                                                            ║
║ <3 Playwright Team                                         ║
╚════════════════════════════════════════════════════════════╝
[2026. 6. 2. AM 4:05:02] [INFO] Playwright 브라우저 시작 중...
[2026. 6. 2. AM 4:05:02] [ERROR] ✗ 치명적 오류: browserType.launch: Executable doesn't exist at C:\WINDOWS\system32\config\systemprofile\AppData\Local\ms-playwright\chromium_headless_shell-1223\chrome-headless-shell-win64\chrome-headless-shell.exe
╔════════════════════════════════════════════════════════════╗
║ Looks like Playwright was just installed or updated.       ║
║ Please run the following command to download new browsers: ║
║                                                            ║
║     npx playwright install                                 ║
║                                                            ║
║ <3 Playwright Team                                         ║
╚════════════════════════════════════════════════════════════╝
[2026. 6. 2. AM 5:05:01] [INFO] Playwright 브라우저 시작 중...
[2026. 6. 2. AM 5:05:01] [ERROR] ✗ 치명적 오류: browserType.launch: Executable doesn't exist at C:\WINDOWS\system32\config\systemprofile\AppData\Local\ms-playwright\chromium_headless_shell-1223\chrome-headless-shell-win64\chrome-headless-shell.exe
╔════════════════════════════════════════════════════════════╗
║ Looks like Playwright was just installed or updated.       ║
║ Please run the following command to download new browsers: ║
║                                                            ║
║     npx playwright install                                 ║
║                                                            ║
║ <3 Playwright Team                                         ║
╚════════════════════════════════════════════════════════════╝
